ImageNumber,ObjectNumber,Location_Center_X,Location_Center_Y,Location_Center_Z,Number_Object_Number,Parent_Nuclei,Parent_RNA_Red
1,1,965.6666666666666,387.8888888888889,0,1,0,0
1,2,1652.0,411.5,0,2,39,0
1,3,818.125,412.875,0,3,40,0
1,4,833.875,413.875,0,4,38,0
1,5,821.8095238095239,413.04761904761904,0,5,40,0
1,6,825.8,415.5,0,6,38,0
1,7,857.0,421.5,0,7,41,0
1,8,839.5,424.7142857142857,0,8,44,0
1,9,785.4814814814815,462.5925925925926,0,9,0,0
1,10,1223.3636363636363,468.90909090909093,0,10,81,314
1,11,1226.25,471.5,0,11,81,0
1,12,1236.0,476.375,0,12,73,0
1,13,1299.5454545454545,482.6363636363636,0,13,106,425
1,14,1243.1538461538462,483.2307692307692,0,14,85,0
1,15,1302.1764705882354,483.88235294117646,0,15,106,425
1,16,1298.7692307692307,494.7692307692308,0,16,106,0
1,17,2270.181818181818,558.4545454545455,0,17,224,0
1,18,2248.6666666666665,561.1111111111111,0,18,0,0
1,19,2225.1111111111113,682.6666666666666,0,19,464,0
1,20,1510.5714285714287,685.1428571428571,0,20,410,0
1,21,1515.3,685.3,0,21,410,0
1,22,2227.125,685.875,0,22,429,0
1,23,1513.9166666666667,689.6666666666666,0,23,410,0
1,24,1478.5,707.2857142857143,0,24,479,0
1,25,1481.0833333333333,710.6666666666666,0,25,479,0
1,26,1463.875,714.125,0,26,479,0
1,27,1549.3333333333333,714.1111111111111,0,27,512,0
1,28,1493.3333333333333,723.1111111111111,0,28,479,0
1,29,1419.909090909091,736.3636363636364,0,29,539,2049
1,30,1554.8,746.0,0,30,0,2126
1,31,770.3333333333334,746.75,0,31,572,0
1,32,1474.875,747.875,0,32,606,2116
1,33,1561.0,748.5,0,33,0,0
1,34,787.75,766.3333333333334,0,34,607,2207
1,35,1481.9,770.4,0,35,606,0
1,36,793.7692307692307,784.3846153846154,0,36,607,2273
1,37,794.8888888888889,790.8888888888889,0,37,624,2305
1,38,798.2,792.0,0,38,624,2313
1,39,1498.875,808.125,0,39,623,0
1,40,1502.875,807.875,0,40,623,2364
1,41,813.125,820.125,0,41,647,0
1,42,940.5,836.0,0,42,678,0
1,43,736.8928571428571,876.7857142857143,0,43,704,2619
1,44,734.125,882.3333333333334,0,44,704,2636
1,45,1151.8,954.5,0,45,800,0
1,46,1148.8823529411766,961.9411764705883,0,46,800,3195
1,47,1052.7,963.1,0,47,835,3208
1,48,1143.5,968.8,0,48,831,0
1,49,1207.0,971.2727272727273,0,49,830,0
1,50,1165.875,972.875,0,50,846,0
1,51,1291.72,978.08,0,51,836,0
1,52,1299.8333333333333,979.9166666666666,0,52,836,3283
1,53,1291.3125,988.9375,0,53,836,3344
1,54,1296.0,990.0,0,54,836,3344
1,55,1322.2,1001.5,0,55,867,3406
1,56,1325.625,1001.875,0,56,867,3406
1,57,1223.5,1003.2,0,57,863,0
1,58,1131.0,1005.0,0,58,874,3400
1,59,1127.6923076923076,1010.0,0,59,904,0
1,60,1242.5,1011.2857142857143,0,60,893,3446
1,61,1139.3333333333333,1018.8888888888889,0,61,904,0
1,62,1236.5,1019.2,0,62,893,0
1,63,520.6206896551724,1022.2758620689655,0,63,912,3497
1,64,516.6666666666666,1023.1111111111111,0,64,912,3511
1,65,1333.5,1027.2857142857142,0,65,932,0
1,66,1265.0,1027.5,0,66,902,3526
1,67,1262.0,1029.090909090909,0,67,902,3526
1,68,1265.888888888889,1031.7777777777778,0,68,902,0
1,69,1269.0,1034.7857142857142,0,69,930,0
1,70,1250.0,1038.0,0,70,937,0
1,71,1245.2222222222222,1037.7777777777778,0,71,929,3566
1,72,1271.6,1039.05,0,72,930,3587
1,73,1251.4166666666667,1040.75,0,73,937,0
1,74,1265.0,1041.0,0,74,930,0
1,75,1274.5454545454545,1042.7272727272727,0,75,930,3587
1,76,325.0,1044.8,0,76,933,0
1,77,1226.3846153846155,1046.7692307692307,0,77,929,0
1,78,1233.5833333333333,1048.25,0,78,929,3633
1,79,1298.125,1048.125,0,79,925,0
1,80,1275.5,1047.9444444444443,0,80,930,0
1,81,1293.111111111111,1049.5555555555557,0,81,925,0
1,82,1249.4117647058824,1049.8823529411766,0,82,937,0
1,83,1245.7142857142858,1049.9285714285713,0,83,937,0
1,84,571.7692307692307,1053.2307692307693,0,84,946,0
1,85,1291.6666666666667,1056.3333333333333,0,85,930,0
1,86,1322.875,1071.875,0,86,975,0
1,87,416.5,1077.5,0,87,0,0
1,88,1449.0,1077.3333333333333,0,88,976,0
1,89,749.3636363636364,1083.090909090909,0,89,995,0
1,90,1424.0,1084.0,0,90,976,0
1,91,435.5,1091.7142857142858,0,91,962,3812
1,92,1064.0,1093.0,0,92,0,0
1,93,294.6666666666667,1104.111111111111,0,93,1018,0
1,94,1074.0,1104.2,0,94,0,0
1,95,1178.875,1104.125,0,95,1020,0
1,96,936.4,1105.9,0,96,1029,0
1,97,1142.8461538461538,1107.6153846153845,0,97,0,0
1,98,1077.5294117647059,1114.3529411764705,0,98,0,0
1,99,937.875,1120.125,0,99,1029,0
1,100,1069.2,1122.5,0,100,0,0
1,101,1072.875,1123.125,0,101,0,0
1,102,915.0833333333334,1124.1666666666667,0,102,1031,0
1,103,663.7272727272727,1125.0,0,103,1037,0
1,104,1080.1923076923076,1124.1923076923076,0,104,0,0
1,105,1065.5853658536585,1126.9756097560976,0,105,1053,0
1,106,1149.0,1128.0,0,106,1049,0
1,107,534.0,1129.2,0,107,1057,0
1,108,358.125,1133.125,0,108,1048,0
1,109,337.0,1134.0,0,109,1056,0
1,110,1158.625,1133.4375,0,110,1049,0
1,111,357.3636363636364,1138.909090909091,0,111,1048,0
1,112,1201.0535714285713,1139.982142857143,0,112,1047,3966
1,113,1110.111111111111,1140.3333333333333,0,113,0,3977
1,114,666.6363636363636,1142.909090909091,0,114,1083,0
1,115,1216.4545454545455,1143.909090909091,0,115,0,0
1,116,1301.857142857143,1144.1785714285713,0,116,0,4008
1,117,1053.6842105263158,1145.421052631579,0,117,1097,0
1,118,1107.952380952381,1145.857142857143,0,118,0,4002
1,119,1128.05,1144.25,0,119,0,4014
1,120,1085.9285714285713,1149.2142857142858,0,120,0,0
1,121,1129.9,1148.5333333333333,0,121,0,4014
1,122,437.0,1149.5,0,122,1088,0
1,123,1124.367924528302,1148.7735849056603,0,123,0,4025
1,124,1108.5,1152.0,0,124,1114,4042
1,125,1126.090909090909,1154.3636363636363,0,125,0,4043
1,126,1242.5,1153.5,0,126,1108,0
1,127,1286.3333333333333,1153.888888888889,0,127,1122,4034
1,128,363.0,1155.0,0,128,0,0
1,129,436.1578947368421,1155.2631578947369,0,129,1088,0
1,130,656.8,1155.5,0,130,1083,4039
1,131,1111.5,1154.6666666666667,0,131,1114,4042
1,132,1115.75,1155.4,0,132,1114,4048
1,133,1120.148148148148,1154.962962962963,0,133,1114,4025
1,134,1125.0869565217392,1157.5652173913043,0,134,1114,4067
1,135,1483.3636363636363,1158.090909090909,0,135,1082,0
1,136,948.6153846153846,1159.3846153846155,0,136,0,0
1,137,1242.5,1159.5,0,137,1108,0
1,138,364.8,1160.0,0,138,0,0
1,139,944.8571428571429,1161.0714285714287,0,139,0,0
1,140,904.3846153846154,1162.4615384615386,0,140,1125,0
1,141,497.95,1163.25,0,141,1109,0
1,142,951.9166666666666,1163.6666666666667,0,142,0,0
1,143,947.1818181818181,1164.409090909091,0,143,0,0
1,144,956.3846153846154,1164.3846153846155,0,144,0,0
1,145,1080.9166666666667,1164.1666666666667,0,145,1120,0
1,146,391.5,1166.0,0,146,1140,0
1,147,373.3125,1167.6875,0,147,1141,0
1,148,1028.888888888889,1167.3333333333333,0,148,1126,0
1,149,1128.888888888889,1168.3333333333333,0,149,1153,0
1,150,959.9285714285714,1171.107142857143,0,150,0,0
1,151,1268.3333333333333,1170.888888888889,0,151,1108,0
1,152,377.15384615384613,1173.4615384615386,0,152,1141,0
1,153,615.125,1172.875,0,153,1168,4175
1,154,1278.4,1173.6,0,154,0,0
1,155,1072.3333333333333,1179.6666666666667,0,155,0,0
1,156,1277.111111111111,1180.3333333333333,0,156,1189,0
1,157,396.0,1181.0,0,157,1172,0
1,158,373.3636363636364,1185.909090909091,0,158,1184,0
1,159,1264.4,1186.56,0,159,1196,0
1,160,1273.157894736842,1187.5263157894738,0,160,1189,0
1,161,372.8,1189.0,0,161,1184,0
1,162,1515.0,1189.5,0,162,1177,0
1,163,558.7777777777778,1197.3703703703704,0,163,1158,4342
1,164,1281.875,1199.875,0,164,1189,0
1,165,1366.5,1203.0,0,165,1208,0
1,166,1178.1666666666667,1205.0833333333333,0,166,0,0
1,167,798.5,1206.0,0,167,1217,0
1,168,1231.5,1207.5,0,168,0,4420
1,169,1281.1,1205.8,0,169,0,0
1,170,1170.0,1207.5,0,170,0,0
1,171,1176.2307692307693,1207.3461538461538,0,171,0,0
1,172,561.125,1208.125,0,172,1235,4414
1,173,396.2916666666667,1209.4166666666667,0,173,1250,0
1,174,465.5,1209.5,0,174,1218,4442
1,175,1166.5,1209.5,0,175,0,0
1,176,1238.5,1208.8,0,176,0,0
1,177,400.125,1210.125,0,177,1250,0
1,178,1370.875,1210.125,0,178,1208,0
1,179,876.0909090909091,1211.3636363636363,0,179,0,0
1,180,940.8571428571429,1210.9285714285713,0,180,1233,0
1,181,1427.125,1210.875,0,181,1228,0
1,182,1191.3636363636363,1212.090909090909,0,182,1251,0
1,183,399.27272727272725,1212.8181818181818,0,183,1250,0
1,184,1236.2142857142858,1213.2857142857142,0,184,0,0
1,185,1170.875,1215.125,0,185,0,0
1,186,1433.875,1218.875,0,186,1228,0
1,187,1213.125,1220.125,0,187,0,0
1,188,1208.125,1223.0,0,188,1251,0
1,189,1238.6666666666667,1221.888888888889,0,189,1243,0
1,190,1480.1,1223.3,0,190,1225,4555
1,191,558.5483870967741,1222.7096774193549,0,191,1282,4547
1,192,516.0,1226.5,0,192,1246,0
1,193,1159.2727272727273,1227.3636363636363,0,193,0,0
1,194,1324.125,1227.875,0,194,0,0
1,195,619.5,1228.5,0,195,1236,4575
1,196,756.5,1229.2857142857142,0,196,1273,0
1,197,560.8666666666667,1228.8666666666666,0,197,1282,0
1,198,1136.0,1230.0,0,198,0,0
1,199,1379.0,1232.0,0,199,0,0
1,200,611.0,1233.0,0,200,1236,0
1,201,775.5,1234.0,0,201,1219,4630
1,202,547.0,1235.5,0,202,1281,0
1,203,1288.875,1234.875,0,203,1275,0
1,204,1103.75,1235.4375,0,204,1270,0
1,205,1131.578947368421,1236.578947368421,0,205,1270,0
1,206,1207.125,1236.125,0,206,0,4646
1,207,741.6428571428571,1237.5714285714287,0,207,1307,0
1,208,1117.888888888889,1237.2222222222222,0,208,1270,0
1,209,1276.75,1237.25,0,209,0,0
1,210,793.8571428571429,1238.3333333333333,0,210,0,4685
1,211,1343.9,1238.2,0,211,1284,0
1,212,1113.3846153846155,1239.6153846153845,0,212,1270,0
1,213,1117.2,1241.3,0,213,1292,0
1,214,1126.5,1240.5,0,214,1270,0
1,215,719.5,1240.5,0,215,1287,4682
1,216,1262.5,1242.2,0,216,0,0
1,217,1273.1875,1241.1875,0,217,1301,4689
1,218,798.304347826087,1243.0869565217392,0,218,0,4685
1,219,574.6666666666666,1245.111111111111,0,219,1282,0
1,220,1119.875,1244.5,0,220,1292,0
1,221,622.0,1247.5,0,221,0,0
1,222,794.1818181818181,1246.6363636363637,0,222,0,0
1,223,800.0869565217391,1247.9130434782608,0,223,0,0
1,224,1107.578947368421,1247.1052631578948,0,224,1292,0
1,225,1112.3,1246.0333333333333,0,225,1292,0
1,226,1268.8461538461538,1247.4615384615386,0,226,1301,0
1,227,1230.6153846153845,1248.2307692307693,0,227,1303,0
1,228,1401.0,1248.7,0,228,0,0
1,229,657.8181818181819,1249.7272727272727,0,229,1319,4752
1,230,729.5,1249.5,0,230,1287,0
1,231,794.125,1250.125,0,231,0,0
1,232,1233.0,1251.2727272727273,0,232,1316,0
1,233,1268.5,1250.8,0,233,1301,0
1,234,1281.578947368421,1250.8947368421052,0,234,1301,0
1,235,802.1818181818181,1252.4545454545455,0,235,0,0
1,236,1274.642857142857,1251.857142857143,0,236,1301,0
1,237,1400.7272727272727,1251.2727272727273,0,237,1332,0
1,238,1403.875,1252.125,0,238,1332,0
1,239,1235.8333333333333,1254.6666666666667,0,239,1316,4797
1,240,1241.125,1253.875,0,240,1316,0
1,241,1254.5,1253.5,0,241,0,0
1,242,798.0,1253.5,0,242,0,0
1,243,1231.3157894736842,1254.3684210526317,0,243,1316,4771
1,244,1251.25,1254.6666666666667,0,244,0,0
1,245,1287.8947368421052,1254.421052631579,0,245,1321,0
1,246,562.6363636363636,1256.6363636363637,0,246,1282,0
1,247,575.3333333333334,1256.4,0,247,1323,0
1,248,662.0,1256.5,0,248,1339,4760
1,249,1033.5555555555557,1256.3333333333333,0,249,1285,0
1,250,992.125,1257.125,0,250,1310,0
1,251,1228.258064516129,1257.6451612903227,0,251,1316,4771
1,252,1242.125,1256.875,0,252,1316,4797
1,253,1319.6666666666667,1256.5,0,253,0,4790
1,254,989.1,1258.0,0,254,1310,0
1,255,1251.8125,1258.625,0,255,0,0
1,256,1384.5,1259.0,0,256,1328,0
1,257,1526.0,1259.5,0,257,1392,4789
1,258,1245.8,1259.9,0,258,1316,4811
1,259,1271.625,1260.125,0,259,1301,0
1,260,785.8666666666667,1260.4,0,260,1366,0
1,261,1242.909090909091,1260.6363636363637,0,261,1316,4811
1,262,1249.2,1261.0,0,262,0,0
1,263,1235.5714285714287,1261.142857142857,0,263,1316,4797
1,264,1375.4642857142858,1262.5357142857142,0,264,1317,0
1,265,1136.875,1264.125,0,265,1294,0
1,266,1371.5,1264.0,0,266,1317,0
1,267,479.0,1266.5,0,267,1335,0
1,268,616.0909090909091,1265.7272727272727,0,268,1337,4845
1,269,1378.625,1265.6875,0,269,1317,0
1,270,605.75,1269.375,0,270,1375,4865
1,271,672.0,1269.3636363636363,0,271,1339,0
1,272,762.8,1269.1,0,272,1340,0
1,273,784.125,1269.125,0,273,1366,0
1,274,809.125,1268.875,0,274,1343,0
1,275,666.0,1270.1538461538462,0,275,1339,4874
1,276,493.5,1271.0,0,276,1335,0
1,277,644.875,1272.875,0,277,1347,0
1,278,1318.3636363636363,1272.090909090909,0,278,1350,4868
1,279,484.875,1274.125,0,279,1335,0
1,280,598.25,1274.375,0,280,1375,4908
1,281,651.0909090909091,1274.3636363636363,0,281,1339,0
1,282,488.54545454545456,1274.6363636363637,0,282,1335,0
1,283,1322.0,1275.25,0,283,1350,4903
1,284,1501.3333333333333,1276.111111111111,0,284,1373,4895
1,285,1057.1538461538462,1277.5384615384614,0,285,1354,0
1,286,1441.0,1280.1666666666667,0,286,0,4920
1,287,915.3846153846154,1281.6153846153845,0,287,0,4955
1,288,1352.875,1281.25,0,288,0,0
1,289,647.8,1281.7,0,289,1379,4954
1,290,846.875,1280.7916666666667,0,290,1362,0
1,291,1367.6363636363637,1283.090909090909,0,291,0,0
1,292,1509.6666666666667,1283.8333333333333,0,292,1388,4979
1,293,841.25,1285.75,0,293,1362,0
1,294,1253.6923076923076,1286.0,0,294,1358,4957
1,295,891.0,1286.5,0,295,1386,0
1,296,1117.909090909091,1287.3636363636363,0,296,0,0
1,297,1157.25,1288.625,0,297,0,0
1,298,790.7777777777778,1290.888888888889,0,298,0,4998
1,299,1073.1818181818182,1290.8181818181818,0,299,0,0
1,300,856.0,1296.5,0,300,1417,5015
1,301,897.125,1295.875,0,301,1386,0
1,302,1320.6363636363637,1295.5454545454545,0,302,0,0
1,303,861.7368421052631,1297.0526315789473,0,303,1417,5034
1,304,1263.888888888889,1302.6666666666667,0,304,0,0
1,305,685.3333333333334,1302.888888888889,0,305,0,0
1,306,847.8333333333334,1303.0416666666667,0,306,1417,0
1,307,851.875,1304.5,0,307,1417,0
1,308,1261.125,1305.125,0,308,0,5105
1,309,449.2,1307.5,0,309,1449,0
1,310,1307.2727272727273,1307.5454545454545,0,310,0,0
1,311,1092.125,1311.125,0,311,0,0
1,312,846.3333333333334,1311.888888888889,0,312,1417,0
1,313,850.8333333333334,1311.9166666666667,0,313,1417,0
1,314,1262.3846153846155,1312.3846153846155,0,314,0,5165
1,315,1331.1666666666667,1312.25,0,315,1429,0
1,316,823.0,1313.0,0,316,0,0
1,317,962.4444444444445,1314.1666666666667,0,317,1426,5163
1,318,1320.5,1313.5,0,318,0,0
1,319,1273.6363636363637,1314.7727272727273,0,319,0,5188
1,320,1456.875,1313.875,0,320,1466,5139
1,321,1003.1111111111111,1315.6666666666667,0,321,1445,0
1,322,1136.6,1314.3,0,322,0,5180
1,323,1258.5,1316.0,0,323,0,0
1,324,1267.4615384615386,1317.3846153846155,0,324,0,5192
1,325,1271.4166666666667,1317.0,0,325,0,5192
1,326,1330.0,1317.0,0,326,0,0
1,327,507.875,1318.125,0,327,1453,0
1,328,846.625,1318.375,0,328,0,0
1,329,1332.7692307692307,1317.923076923077,0,329,1429,0
1,330,1347.0,1317.5,0,330,1429,0
1,331,1350.8333333333333,1317.9166666666667,0,331,1429,0
1,332,1460.7857142857142,1318.2857142857142,0,332,1466,0
1,333,959.6428571428571,1319.7857142857142,0,333,1438,0
1,334,967.1111111111111,1318.5555555555557,0,334,0,0
1,335,973.6363636363636,1319.909090909091,0,335,0,0
1,336,977.8,1319.7333333333333,0,336,0,0
1,337,982.84,1319.24,0,337,1439,0
1,338,1425.5,1320.5,0,338,0,0
1,339,1463.6363636363637,1319.5454545454545,0,339,1466,5205
1,340,510.3636363636364,1321.7272727272727,0,340,1453,0
1,341,962.7272727272727,1320.3636363636363,0,341,0,0
1,342,1264.3125,1322.3125,0,342,0,5270
1,343,740.6666666666666,1323.111111111111,0,343,1446,0
1,344,964.5,1322.875,0,344,0,0
1,345,920.2,1324.5,0,345,0,0
1,346,889.0,1325.0,0,346,1490,0
1,347,960.0,1325.0,0,347,0,0
1,348,954.8333333333334,1326.0833333333333,0,348,1438,0
1,349,1325.6923076923076,1324.4615384615386,0,349,0,0
1,350,1283.1176470588234,1328.5882352941176,0,350,0,0
1,351,718.8,1331.0,0,351,1459,5334
1,352,904.0,1331.3333333333333,0,352,0,0
1,353,1006.8333333333334,1332.9166666666667,0,353,0,0
1,354,388.2,1334.6666666666667,0,354,1486,0
1,355,1422.0833333333333,1335.1666666666667,0,355,0,0
1,356,405.0833333333333,1336.6666666666667,0,356,1471,0
1,357,897.625,1336.75,0,357,1490,0
1,358,1356.8333333333333,1336.7916666666667,0,358,0,0
1,359,532.5,1338.5,0,359,1458,5362
1,360,1271.7142857142858,1339.7142857142858,0,360,0,0
1,361,1409.4615384615386,1338.9615384615386,0,361,1479,0
1,362,1279.875,1339.875,0,362,0,0
1,363,1299.8333333333333,1339.6666666666667,0,363,0,0
1,364,1308.625,1340.25,0,364,0,0
1,365,1353.3636363636363,1340.4545454545455,0,365,0,0
1,366,1404.9130434782608,1340.391304347826,0,366,1479,0
1,367,1413.076923076923,1340.0,0,367,1479,0
1,368,1285.3636363636363,1341.1818181818182,0,368,0,0
1,369,538.3636363636364,1341.5454545454545,0,369,1458,5424
1,370,1274.0,1342.0,0,370,0,0
1,371,1296.2857142857142,1342.5,0,371,1515,0
1,372,1304.888888888889,1343.3333333333333,0,372,1515,0
1,373,1409.875,1344.125,0,373,1479,0
1,374,968.05,1346.45,0,374,1513,0
1,375,451.5,1347.0,0,375,1480,0
1,376,1294.3846153846155,1346.2307692307693,0,376,1515,0
1,377,624.5,1348.0,0,377,1514,0
1,378,1421.5333333333333,1348.8666666666666,0,378,1536,0
1,379,622.25,1350.25,0,379,1514,0
1,380,1209.111111111111,1350.3333333333333,0,380,1493,0
1,381,1315.142857142857,1350.4285714285713,0,381,1515,0
1,382,1438.625,1349.75,0,382,0,0
1,383,882.0,1351.0,0,383,0,0
1,384,1435.5,1351.125,0,384,0,0
1,385,1404.125,1351.875,0,385,0,0
1,386,1416.875,1351.875,0,386,1546,0
1,387,1442.0,1352.1538461538462,0,387,0,0
1,388,1407.0,1351.8125,0,388,1546,0
1,389,1314.3,1353.95,0,389,1515,0
1,390,1356.5454545454545,1354.6363636363637,0,390,0,5520
1,391,1448.046511627907,1352.7441860465117,0,391,1466,5496
1,392,639.75,1354.4,0,392,1501,0
1,393,1361.0,1356.3,0,393,0,5526
1,394,1415.142857142857,1355.0714285714287,0,394,1546,0
1,395,625.1875,1356.625,0,395,1514,0
1,396,1230.6923076923076,1355.6923076923076,0,396,0,0
1,397,1294.0,1356.5,0,397,1535,0
1,398,1308.75,1358.625,0,398,1515,0
1,399,1318.4545454545455,1357.6363636363637,0,399,0,0
1,400,1322.1,1358.2,0,400,0,0
1,401,1389.1153846153845,1359.1153846153845,0,401,0,0
1,402,1450.5714285714287,1357.5714285714287,0,402,1547,0
1,403,634.5,1359.5,0,403,1514,0
1,404,1305.5,1358.75,0,404,1515,0
1,405,1342.4444444444443,1360.111111111111,0,405,1522,5626
1,406,1367.125,1359.125,0,406,0,5574
1,407,1384.875,1358.875,0,407,1503,0
1,408,1427.875,1359.125,0,408,1536,0
1,409,1430.909090909091,1359.3636363636363,0,409,1536,0
1,410,1329.875,1360.125,0,410,0,0
1,411,1353.3846153846155,1360.3846153846155,0,411,0,5599
1,412,1190.5,1360.5,0,412,1493,0
1,413,1320.875,1360.5,0,413,0,0
1,414,1349.8333333333333,1361.0,0,414,0,5599
1,415,1425.9333333333334,1360.9333333333334,0,415,1536,0
1,416,1315.375,1361.34375,0,416,1535,0
1,417,1376.5416666666667,1363.0833333333333,0,417,1503,0
1,418,1399.6666666666667,1363.6666666666667,0,418,1546,0
1,419,537.6666666666666,1364.9166666666667,0,419,1529,0
1,420,826.125,1364.125,0,420,0,0
1,421,1335.5,1365.0,0,421,1522,0
1,422,1372.764705882353,1365.6470588235295,0,422,1557,0
1,423,1379.8,1365.0,0,423,0,0
1,424,622.875,1366.125,0,424,1573,0
1,425,668.125,1365.875,0,425,1520,0
1,426,716.8888888888889,1365.6666666666667,0,426,1534,5632
1,427,813.2727272727273,1365.6363636363637,0,427,1518,5659
1,428,1386.125,1366.125,0,428,0,0
1,429,1389.7857142857142,1365.7142857142858,0,429,0,0
1,430,1409.7,1365.4,0,430,1546,0
1,431,376.09090909090907,1367.6363636363637,0,431,0,0
1,432,1341.1,1367.3,0,432,1522,5661
1,433,1349.0,1366.409090909091,0,433,0,5669
1,434,1377.0833333333333,1367.5833333333333,0,434,0,0
1,435,1393.3636363636363,1367.6666666666667,0,435,1546,0
1,436,1427.2727272727273,1366.909090909091,0,436,1536,0
1,437,658.6666666666666,1369.0,0,437,1590,0
1,438,1186.08,1367.36,0,438,0,0
1,439,1383.6875,1368.3125,0,439,0,0
1,440,1468.1818181818182,1368.4545454545455,0,440,1547,5692
1,441,622.875,1368.875,0,441,1573,0
1,442,1184.5,1369.8,0,442,1574,0
1,443,1374.5,1369.6666666666667,0,443,1557,0
1,444,370.5,1371.0,0,444,0,0
1,445,1343.4,1372.6,0,445,0,5777
1,446,994.2,1373.4,0,446,0,0
1,447,1192.8461538461538,1373.6153846153845,0,447,0,0
1,448,989.7142857142857,1374.7857142857142,0,448,0,0
1,449,1467.0,1373.5,0,449,1547,0
1,450,1345.2727272727273,1375.5,0,450,0,5765
1,451,1350.3636363636363,1376.090909090909,0,451,0,5747
1,452,927.0,1377.0,0,452,0,0
1,453,939.4615384615385,1377.8461538461538,0,453,0,0
1,454,1191.875,1378.5,0,454,1574,0
1,455,1207.3529411764705,1379.0,0,455,0,0
1,456,1340.59375,1378.59375,0,456,0,5806
1,457,1350.0555555555557,1379.111111111111,0,457,0,5788
1,458,1271.1818181818182,1379.5454545454545,0,458,1575,0
1,459,1385.6923076923076,1379.923076923077,0,459,1609,0
1,460,1040.111111111111,1381.6666666666667,0,460,0,0
1,461,1258.125,1383.125,0,461,0,0
1,462,1342.9411764705883,1382.4117647058824,0,462,0,5806
1,463,1462.25,1383.0,0,463,0,0
1,464,1390.9375,1383.9583333333333,0,464,1546,0
1,465,1397.5,1384.7142857142858,0,465,1546,0
1,466,624.8,1386.0,0,466,1589,0
1,467,1355.875,1388.125,0,467,1661,0
1,468,1479.4285714285713,1390.0,0,468,1635,0
1,469,1243.125,1391.125,0,469,0,0
1,470,1246.0,1390.8,0,470,0,0
1,471,629.0,1393.0,0,471,1589,0
1,472,564.875,1394.125,0,472,1604,5900
1,473,412.3333333333333,1395.111111111111,0,473,1629,0
1,474,351.0,1397.0,0,474,1623,0
1,475,1044.6666666666667,1397.111111111111,0,475,0,0
1,476,1058.3333333333333,1398.111111111111,0,476,0,0
1,477,1138.3333333333333,1398.111111111111,0,477,1637,0
1,478,1371.875,1397.75,0,478,1661,0
1,479,1302.5,1399.8,0,479,1665,0
1,480,1264.875,1401.125,0,480,1648,0
1,481,1350.3333333333333,1401.4444444444443,0,481,1661,0
1,482,1643.40625,1403.875,0,482,1542,5993
1,483,877.75,1404.625,0,483,0,0
1,484,419.05555555555554,1405.888888888889,0,484,1640,0
1,485,711.8888888888889,1406.6666666666667,0,485,1652,0
1,486,890.875,1407.875,0,486,1667,0
1,487,448.0,1409.0,0,487,1688,6067
1,488,1489.375,1411.25,0,488,1680,0
1,489,883.8888888888889,1411.3333333333333,0,489,0,0
1,490,1035.7272727272727,1415.090909090909,0,490,0,0
1,491,887.3333333333334,1416.2222222222222,0,491,1685,0
1,492,1005.375,1415.75,0,492,1647,0
1,493,1372.3846153846155,1418.3846153846155,0,493,1661,0
1,494,963.5,1419.0,0,494,0,0
1,495,967.3,1419.3,0,495,0,0
1,496,1180.125,1420.125,0,496,1671,0
1,497,1226.4,1422.3,0,497,0,0
1,498,822.4545454545455,1423.3636363636363,0,498,1701,0
1,499,1129.4166666666667,1422.75,0,499,1686,0
1,500,1148.2105263157894,1425.9473684210527,0,500,1740,0
1,501,848.125,1427.125,0,501,1711,0
1,502,667.0769230769231,1427.2307692307693,0,502,1727,0
1,503,1124.8461538461538,1428.5384615384614,0,503,0,0
1,504,1438.125,1427.5,0,504,0,0
1,505,1464.3157894736842,1428.421052631579,0,505,0,6245
1,506,1089.3846153846155,1429.3846153846155,0,506,1708,0
1,507,1459.0632911392406,1431.9493670886077,0,507,1696,6267
1,508,857.1818181818181,1431.6818181818182,0,508,1747,0
1,509,1128.5,1432.25,0,509,0,0
1,510,1726.842105263158,1432.842105263158,0,510,1716,0
1,511,658.5,1434.0,0,511,1727,0
1,512,381.25,1435.25,0,512,1745,0
1,513,1129.6363636363637,1434.909090909091,0,513,0,0
1,514,479.46666666666664,1435.8666666666666,0,514,1788,0
1,515,1640.5,1437.0,0,515,1755,0
1,516,899.0,1437.25,0,516,1739,0
1,517,827.8125,1437.125,0,517,1771,0
1,518,883.5,1437.5,0,518,0,0
1,519,1461.9866666666667,1438.3333333333333,0,519,0,6327
1,520,878.6363636363636,1438.909090909091,0,520,0,0
1,521,901.5625,1438.75,0,521,1739,0
1,522,1550.25,1439.9166666666667,0,522,0,0
1,523,769.3333333333334,1439.5,0,523,1777,0
1,524,1027.5,1440.0,0,524,0,0
1,525,478.3333333333333,1440.888888888889,0,525,1750,0
1,526,403.0,1443.0,0,526,1745,0
1,527,593.9230769230769,1443.3846153846155,0,527,1804,0
1,528,894.4,1443.5,0,528,0,0
1,529,904.1666666666666,1442.1666666666667,0,529,1739,0
1,530,1384.0,1443.0,0,530,1761,0
1,531,906.875,1444.125,0,531,1739,0
1,532,1083.090909090909,1444.6363636363637,0,532,0,6352
1,533,360.6666666666667,1445.111111111111,0,533,1792,0
1,534,485.6111111111111,1446.5,0,534,1788,0
1,535,514.4,1446.1,0,535,1719,6383
1,536,404.0,1446.6923076923076,0,536,1745,0
1,537,1186.125,1447.875,0,537,1756,0
1,538,1332.3333333333333,1446.6666666666667,0,538,0,0
1,539,1746.3333333333333,1447.111111111111,0,539,1836,6418
1,540,506.8,1448.0,0,540,1794,0
1,541,892.5454545454545,1448.3636363636363,0,541,0,0
1,542,896.1428571428571,1448.0714285714287,0,542,0,0
1,543,493.875,1449.125,0,543,1794,0
1,544,599.8235294117648,1448.9411764705883,0,544,1804,0
1,545,618.6666666666666,1448.888888888889,0,545,1763,0
1,546,904.125,1449.125,0,546,1739,0
1,547,584.0,1450.6153846153845,0,547,1804,0
1,548,899.44,1451.24,0,548,0,0
1,549,1179.125,1451.125,0,549,1756,0
1,550,1091.6666666666667,1452.888888888889,0,550,1796,0
1,551,1121.75,1453.25,0,551,1765,0
1,552,898.3636363636364,1454.090909090909,0,552,0,0
1,553,1234.3333333333333,1453.6666666666667,0,553,1802,0
1,554,667.8888888888889,1456.3333333333333,0,554,1831,6453
1,555,396.3157894736842,1458.157894736842,0,555,1838,0
1,556,1208.6,1455.7,0,556,1802,0
1,557,392.6,1457.8,0,557,1838,0
1,558,1044.3636363636363,1459.090909090909,0,558,0,0
1,559,1196.0,1458.8461538461538,0,559,1819,0
1,560,1115.5,1460.0,0,560,1807,0
1,561,1189.5,1459.0,0,561,1756,0
1,562,710.875,1461.5,0,562,0,0
1,563,1711.0,1461.6666666666667,0,563,1810,6465
1,564,708.1111111111111,1462.3333333333333,0,564,1818,6484
1,565,1043.9333333333334,1462.4,0,565,1861,0
1,566,742.8666666666667,1463.4,0,566,0,6523
1,567,391.6363636363636,1464.090909090909,0,567,1838,0
1,568,1049.875,1463.875,0,568,1861,0
1,569,510.0,1465.8,0,569,1825,6506
1,570,874.2,1466.5,0,570,1826,0
1,571,1199.6666666666667,1465.888888888889,0,571,1819,0
1,572,768.5,1467.0,0,572,1816,6532
1,573,1718.0,1467.4545454545455,0,573,1810,6515
1,574,392.05,1467.75,0,574,1838,0
1,575,687.625,1467.75,0,575,1820,0
1,576,846.4666666666667,1469.1333333333334,0,576,0,0
1,577,858.2666666666667,1468.9333333333334,0,577,0,0
1,578,992.8666666666667,1469.4,0,578,0,0
1,579,551.875,1471.125,0,579,1849,6583
1,580,996.375,1470.0,0,580,1832,0
1,581,405.94736842105266,1473.0526315789473,0,581,1811,0
1,582,1342.7142857142858,1473.5714285714287,0,582,0,6588
1,583,397.8,1477.0,0,583,1878,0
1,584,1038.5,1477.0,0,584,1861,0
1,585,1339.1,1476.9,0,585,0,6588
1,586,1008.0,1480.0,0,586,1872,0
1,587,529.0,1481.0,0,587,1848,6663
1,588,1242.8666666666666,1483.5333333333333,0,588,1892,0
1,589,1578.5217391304348,1482.7391304347825,0,589,1863,0
1,590,1096.1538461538462,1485.3846153846155,0,590,1905,0
1,591,532.3913043478261,1485.9565217391305,0,591,1848,6663
1,592,560.0,1486.0,0,592,1890,6653
1,593,1099.25,1485.6666666666667,0,593,1905,0
1,594,446.0,1486.8461538461538,0,594,1815,0
1,595,825.1111111111111,1488.6666666666667,0,595,1887,0
1,596,1167.0714285714287,1488.7142857142858,0,596,1873,0
1,597,1196.8333333333333,1488.0833333333333,0,597,1883,0
1,598,474.75,1489.625,0,598,1866,0
1,599,838.75,1489.125,0,599,0,0
1,600,1160.875,1491.125,0,600,1873,0
1,601,419.1578947368421,1492.3684210526317,0,601,1865,0
1,602,1179.1904761904761,1491.5238095238096,0,602,1921,0
1,603,433.52941176470586,1493.235294117647,0,603,1952,0
1,604,470.7692307692308,1493.2307692307693,0,604,1895,0
1,605,474.0,1495.0,0,605,1895,0
1,606,1284.5,1495.8846153846155,0,606,1919,0
1,607,384.1111111111111,1496.6666666666667,0,607,1878,0
1,608,1150.8181818181818,1496.5454545454545,0,608,1936,0
1,609,1385.0,1496.5,0,609,0,0
1,610,1447.0,1497.0,0,610,1959,0
1,611,466.0,1497.8333333333333,0,611,1926,0
1,612,462.5,1499.0,0,612,1926,0
1,613,1087.875,1498.875,0,613,1905,6736
1,614,1096.111111111111,1498.6666666666667,0,614,1905,0
1,615,1287.8846153846155,1499.5,0,615,1919,0
1,616,1361.0,1499.0,0,616,1940,0
1,617,1428.4615384615386,1502.1538461538462,0,617,1922,0
1,618,1518.5,1502.0,0,618,0,0
1,619,537.3636363636364,1503.4545454545455,0,619,1944,6749
1,620,1291.5,1503.090909090909,0,620,1919,0
1,621,1098.125,1504.875,0,621,1947,0
1,622,1272.3529411764705,1504.5882352941176,0,622,1970,0
1,623,1458.5,1505.0,0,623,1959,0
1,624,745.5,1507.0,0,624,1954,6813
1,625,1345.4375,1507.84375,0,625,0,0
1,626,596.125,1509.875,0,626,1927,0
1,627,744.5,1511.5,0,627,1954,6813
1,628,765.0,1511.8,0,628,1954,6814
1,629,1187.157894736842,1512.157894736842,0,629,1991,0
1,630,657.5,1513.0,0,630,1960,0
1,631,1629.25,1513.375,0,631,1935,0
1,632,503.8888888888889,1513.888888888889,0,632,1953,6833
1,633,1100.5454545454545,1514.6363636363637,0,633,1947,0
1,634,1134.3636363636363,1515.090909090909,0,634,1998,0
1,635,1472.0,1515.125,0,635,1993,0
1,636,1160.076923076923,1516.1538461538462,0,636,1999,0
1,637,331.8,1516.5,0,637,1943,0
1,638,726.125,1517.125,0,638,2004,0
1,639,1066.0,1518.0,0,639,1985,0
1,640,443.8421052631579,1519.3157894736842,0,640,2010,0
1,641,1156.5384615384614,1518.6153846153845,0,641,0,0
1,642,1257.909090909091,1519.0,0,642,1979,0
1,643,477.4166666666667,1520.25,0,643,1992,6849
1,644,1153.3636363636363,1521.4545454545455,0,644,1936,0
1,645,441.3,1522.3,0,645,2010,0
1,646,664.3333333333334,1522.888888888889,0,646,0,0
1,647,1032.875,1523.25,0,647,1990,0
1,648,1050.2,1524.0,0,648,1996,0
1,649,1327.875,1524.125,0,649,0,0
1,650,430.2857142857143,1526.0,0,650,1988,0
1,651,843.375,1527.75,0,651,2035,0
1,652,1420.0,1528.0,0,652,0,0
1,653,1060.25,1530.05,0,653,1996,0
1,654,434.6666666666667,1531.111111111111,0,654,2069,6998
1,655,496.7894736842105,1532.9473684210527,0,655,2014,6979
1,656,1071.888888888889,1534.3333333333333,0,656,2051,0
1,657,430.9166666666667,1534.8333333333333,0,657,2087,6997
1,658,435.5625,1534.75,0,658,2069,6998
1,659,496.52,1537.76,0,659,2014,7027
1,660,1693.2,1539.0,0,660,2074,0
1,661,438.38461538461536,1539.4615384615386,0,661,2087,7026
1,662,506.125,1540.125,0,662,2091,0
1,663,691.8,1540.0,0,663,2054,7041
1,664,1493.3846153846155,1540.3846153846155,0,664,0,0
1,665,337.6666666666667,1541.888888888889,0,665,2072,0
1,666,415.75,1543.125,0,666,2094,0
1,667,438.61538461538464,1543.6153846153845,0,667,2087,7090
1,668,1215.875,1544.125,0,668,0,0
1,669,1386.8181818181818,1545.090909090909,0,669,2085,0
1,670,761.8181818181819,1545.6363636363637,0,670,2065,0
1,671,888.6153846153846,1546.6153846153845,0,671,2080,0
1,672,1509.1818181818182,1548.8181818181818,0,672,2052,0
1,673,679.7,1551.45,0,673,2110,7118
1,674,485.0,1552.0,0,674,2117,7124
1,675,709.0,1553.0,0,675,2054,7142
1,676,434.5,1554.0,0,676,2087,0
1,677,662.3333333333334,1553.4444444444443,0,677,0,0
1,678,660.0,1555.5,0,678,0,0
1,679,731.1111111111111,1554.3333333333333,0,679,2099,7160
1,680,1228.1538461538462,1554.6153846153845,0,680,0,0
1,681,670.5,1556.2,0,681,2110,0
1,682,1128.875,1556.125,0,682,2086,0
1,683,747.6666666666666,1557.111111111111,0,683,2084,0
1,684,1136.0,1558.0,0,684,2120,0
1,685,741.1111111111111,1559.5555555555557,0,685,2084,7177
1,686,666.9230769230769,1560.076923076923,0,686,2110,0
1,687,1004.7,1559.5,0,687,0,0
1,688,1416.111111111111,1560.6666666666667,0,688,0,0
1,689,1126.3846153846155,1563.1538461538462,0,689,0,0
1,690,670.0625,1563.5625,0,690,2110,0
1,691,836.7647058823529,1563.235294117647,0,691,2156,0
1,692,1007.3333333333334,1562.888888888889,0,692,2158,0
1,693,649.125,1564.125,0,693,2112,0
1,694,652.5384615384615,1563.8461538461538,0,694,2112,0
1,695,664.8333333333334,1564.0416666666667,0,695,2163,0
1,696,749.1,1564.4,0,696,2134,0
1,697,734.7058823529412,1566.235294117647,0,697,2134,0
1,698,1133.0714285714287,1565.0714285714287,0,698,0,0
1,699,1333.375,1566.625,0,699,0,0
1,700,691.0,1567.2105263157894,0,700,2110,7216
1,701,645.578947368421,1568.1052631578948,0,701,2112,7219
1,702,868.1111111111111,1568.3333333333333,0,702,2169,0
1,703,649.0,1569.0,0,703,2112,0
1,704,747.578947368421,1568.7894736842106,0,704,2134,0
1,705,651.9090909090909,1569.6363636363637,0,705,0,0
1,706,662.0714285714286,1570.857142857143,0,706,2163,0
1,707,1333.5,1569.2857142857142,0,707,0,0
1,708,643.75,1572.5833333333333,0,708,2202,0
1,709,867.9090909090909,1572.6363636363637,0,709,2169,0
1,710,649.625,1573.84375,0,710,2207,0
1,711,919.5,1573.5,0,711,0,0
1,712,726.875,1574.5,0,712,2128,0
1,713,738.6333333333333,1575.2666666666667,0,713,2134,0
1,714,1366.5,1577.0,0,714,0,0
1,715,1043.25,1578.125,0,715,2164,0
1,716,688.5,1579.0,0,716,2163,7279
1,717,1256.6875,1578.0625,0,717,0,0
1,718,1285.2222222222222,1578.4444444444443,0,718,2186,0
1,719,916.0,1581.3076923076924,0,719,2181,0
1,720,1249.625,1580.75,0,720,2204,0
1,721,1331.6153846153845,1580.6153846153845,0,721,0,0
1,722,795.8,1583.3,0,722,2155,0
1,723,410.5,1585.5,0,723,2179,0
1,724,795.9166666666666,1586.25,0,724,2221,0
1,725,645.7368421052631,1587.1052631578948,0,725,2202,0
1,726,743.1111111111111,1587.3333333333333,0,726,2177,0
1,727,646.8,1590.1,0,727,2207,0
1,728,1260.2307692307693,1589.2307692307693,0,728,2194,0
1,729,1312.5,1590.5,0,729,2205,0
1,730,1257.1333333333334,1591.2666666666667,0,730,2194,0
1,731,900.9047619047619,1592.5238095238096,0,731,0,0
1,732,1272.3333333333333,1591.888888888889,0,732,2194,0
1,733,310.22222222222223,1593.2222222222222,0,733,2245,0
1,734,664.4117647058823,1592.6470588235295,0,734,2207,0
1,735,1112.875,1593.125,0,735,2193,0
1,736,410.2,1593.5,0,736,2179,0
1,737,1258.875,1594.125,0,737,2194,0
1,738,1637.875,1593.875,0,738,2234,0
1,739,348.3333333333333,1594.888888888889,0,739,2295,0
1,740,893.1111111111111,1594.6666666666667,0,740,0,0
1,741,1529.888888888889,1596.9444444444443,0,741,2213,0
1,742,900.8,1597.3,0,742,0,0
1,743,1111.9444444444443,1596.6666666666667,0,743,2193,0
1,744,1439.125,1596.875,0,744,0,0
1,745,1311.2,1598.1,0,745,2228,0
1,746,1682.05,1597.25,0,746,2214,0
1,747,903.0,1598.5,0,747,2181,0
1,748,1441.5,1599.0,0,748,0,0
1,749,1017.578947368421,1601.2631578947369,0,749,0,0
1,750,1515.111111111111,1601.3333333333333,0,750,2243,0
1,751,1063.0,1602.0,0,751,2203,0
1,752,773.3636363636364,1602.909090909091,0,752,2259,0
1,753,810.125,1604.875,0,753,2221,0
1,754,1550.125,1605.125,0,754,2213,0
1,755,1279.6666666666667,1606.111111111111,0,755,2217,0
1,756,726.125,1607.125,0,756,2258,0
1,757,1306.3333333333333,1606.888888888889,0,757,2228,0
1,758,1526.75,1607.125,0,758,2243,0
1,759,525.6666666666666,1608.5,0,759,2224,7445
1,760,778.875,1607.875,0,760,2264,0
1,761,1127.888888888889,1608.6666666666667,0,761,0,0
1,762,1267.0,1607.8,0,762,2194,0
1,763,793.8888888888889,1608.888888888889,0,763,2237,0
1,764,615.875,1609.875,0,764,2250,0
1,765,815.2222222222222,1610.111111111111,0,765,2221,0
1,766,1125.4545454545455,1610.1818181818182,0,766,0,0
1,767,1260.5,1609.5,0,767,2194,0
1,768,412.7,1610.7,0,768,2272,0
1,769,798.6153846153846,1613.3846153846155,0,769,2237,0
1,770,305.6666666666667,1613.888888888889,0,770,2245,0
1,771,438.1818181818182,1613.7272727272727,0,771,2286,0
1,772,1256.111111111111,1613.6666666666667,0,772,0,0
1,773,1467.875,1613.875,0,773,2251,0
1,774,349.0,1615.8,0,774,2295,0
1,775,519.1176470588235,1615.0,0,775,2267,7491
1,776,1304.0,1614.2222222222222,0,776,2228,0
1,777,394.8125,1616.3125,0,777,2220,0
1,778,1021.5,1616.5,0,778,2229,0
1,779,405.2857142857143,1619.5,0,779,2220,0
1,780,588.7,1619.2,0,780,2317,0
1,781,1286.0,1618.5,0,781,0,0
1,782,901.0,1620.0,0,782,0,0
1,783,339.5,1621.1,0,783,2295,0
1,784,1426.6666666666667,1620.888888888889,0,784,2279,0
1,785,423.875,1621.5,0,785,2272,0
1,786,424.8181818181818,1624.1818181818182,0,786,2272,0
1,787,579.8,1623.5,0,787,2332,7551
1,788,765.125,1623.875,0,788,2281,0
1,789,450.53846153846155,1624.8461538461538,0,789,2241,7554
1,790,592.1333333333333,1624.8,0,790,2317,0
1,791,1108.0,1625.0,0,791,2338,0
1,792,1655.3636363636363,1626.5454545454545,0,792,0,7572
1,793,706.6666666666666,1626.888888888889,0,793,2257,0
1,794,906.6470588235294,1626.4117647058824,0,794,0,0
1,795,1422.5,1627.0,0,795,2310,0
1,796,1506.0,1626.642857142857,0,796,2277,7571
1,797,606.7222222222222,1628.8333333333333,0,797,2317,7592
1,798,1312.8181818181818,1628.909090909091,0,798,2284,0
1,799,880.6666666666666,1629.111111111111,0,799,0,0
1,800,342.6923076923077,1629.923076923077,0,800,2295,0
1,801,346.0,1630.4,0,801,2295,0
1,802,1118.1,1629.8,0,802,2338,0
1,803,599.5,1631.0,0,803,2317,0
1,804,910.125,1631.875,0,804,2336,0
1,805,1084.875,1632.125,0,805,2337,0
1,806,1292.5,1631.5,0,806,2343,0
1,807,465.8888888888889,1632.6666666666667,0,807,2324,7618
1,808,1106.5,1633.8125,0,808,2338,0
1,809,1142.5454545454545,1633.3636363636363,0,809,0,0
1,810,1303.111111111111,1632.6666666666667,0,810,0,0
1,811,1424.0833333333333,1631.1666666666667,0,811,0,0
1,812,1395.6153846153845,1636.7692307692307,0,812,0,0
1,813,1589.2142857142858,1636.357142857143,0,813,2319,0
1,814,1602.875,1636.125,0,814,2319,0
1,815,1399.0,1637.5,0,815,0,0
1,816,868.0,1639.0,0,816,0,0
1,817,1119.0,1639.0,0,817,2338,0
1,818,1308.888888888889,1638.6666666666667,0,818,2284,0
1,819,1317.6153846153845,1639.6153846153845,0,819,0,7674
1,820,1605.9166666666667,1639.8333333333333,0,820,2319,0
1,821,1395.125,1639.875,0,821,0,0
1,822,1720.388888888889,1640.111111111111,0,822,2357,7669
1,823,975.0,1642.5,0,823,0,0
1,824,1442.5,1642.0,0,824,2384,0
1,825,1377.6363636363637,1643.0,0,825,2344,0
1,826,730.0,1643.5,0,826,2313,7682
1,827,1321.4166666666667,1644.8333333333333,0,827,0,0
1,828,723.6666666666666,1646.888888888889,0,828,2395,0
1,829,342.0,1648.0,0,829,2295,0
1,830,1299.1304347826087,1647.5217391304348,0,830,0,0
1,831,1310.4705882352941,1648.5294117647059,0,831,2400,7743
1,832,861.3,1649.3,0,832,2356,0
1,833,989.6666666666666,1650.0666666666666,0,833,0,0
1,834,1228.6666666666667,1649.111111111111,0,834,2396,0
1,835,1277.2,1650.6,0,835,2343,0
1,836,1404.6153846153845,1650.6153846153845,0,836,2392,0
1,837,1260.0,1651.142857142857,0,837,0,0
1,838,338.3333333333333,1652.5555555555557,0,838,2355,0
1,839,377.1111111111111,1653.2222222222222,0,839,2412,7776
1,840,726.5384615384615,1654.3846153846155,0,840,2413,0
1,841,1052.0357142857142,1654.107142857143,0,841,0,7760
1,842,1279.0,1654.1666666666667,0,842,2343,0
1,843,1054.8181818181818,1656.2727272727273,0,843,0,7810
1,844,1057.7777777777778,1655.888888888889,0,844,0,7760
1,845,1078.9642857142858,1654.857142857143,0,845,0,0
1,846,1354.0,1656.0,0,846,2363,0
1,847,1032.8823529411766,1656.4117647058824,0,847,0,7822
1,848,1060.7,1657.4,0,848,0,7837
1,849,1286.75,1656.0,0,849,0,0
1,850,1356.75,1657.6666666666667,0,850,2389,0
1,851,720.2,1658.0,0,851,2413,7807
1,852,1028.0714285714287,1659.9285714285713,0,852,0,7822
1,853,1030.857142857143,1658.6666666666667,0,853,0,7822
1,854,1078.3636363636363,1659.090909090909,0,854,0,0
1,855,1222.125,1658.875,0,855,2396,0
1,856,531.3333333333334,1660.5,0,856,2407,0
1,857,1050.7407407407406,1658.9259259259259,0,857,0,7810
1,858,1777.611111111111,1660.2222222222222,0,858,2419,0
1,859,406.1666666666667,1661.1666666666667,0,859,2367,0
1,860,1117.125,1660.875,0,860,0,0
1,861,556.3461538461538,1662.9615384615386,0,861,2420,7806
1,862,1031.5862068965516,1663.2758620689656,0,862,0,7845
1,863,1397.0,1662.0,0,863,2402,0
1,864,1578.875,1664.875,0,864,2462,0
1,865,414.90909090909093,1665.3636363636363,0,865,2398,0
1,866,1205.6666666666667,1664.888888888889,0,866,0,0
1,867,1576.6470588235295,1666.1176470588234,0,867,2462,0
1,868,1020.2307692307693,1665.7948717948718,0,868,0,7898
1,869,1164.3636363636363,1666.4545454545455,0,869,0,0
1,870,1199.875,1666.125,0,870,0,0
1,871,398.3333333333333,1668.5,0,871,2367,0
1,872,1151.0666666666666,1667.7333333333333,0,872,0,0
1,873,514.0,1670.05,0,873,2445,7934
1,874,562.6363636363636,1669.090909090909,0,874,2420,0
1,875,1202.7272727272727,1668.5454545454545,0,875,0,0
1,876,1239.1538461538462,1668.7692307692307,0,876,0,0
1,877,1325.8333333333333,1669.5,0,877,2454,0
1,878,1335.3636363636363,1669.4545454545455,0,878,2394,0
1,879,1205.0,1670.0,0,879,2449,0
1,880,1210.3846153846155,1669.3846153846155,0,880,2449,0
1,881,558.5,1671.2857142857142,0,881,2467,0
1,882,1068.3333333333333,1671.5333333333333,0,882,0,0
1,883,1044.888888888889,1672.3333333333333,0,883,0,0
1,884,546.5,1672.7142857142858,0,884,2467,0
1,885,1201.6153846153845,1673.6153846153845,0,885,2449,0
1,886,518.1578947368421,1673.6315789473683,0,886,2407,7934
1,887,1050.3636363636363,1674.090909090909,0,887,0,0
1,888,549.0,1674.75,0,888,2467,0
1,889,544.8125,1676.375,0,889,2467,0
1,890,517.9411764705883,1677.235294117647,0,890,2445,0
1,891,1215.9,1677.9,0,891,2449,0
1,892,1282.6666666666667,1677.3333333333333,0,892,0,0
1,893,1412.6153846153845,1677.6153846153845,0,893,0,0
1,894,1039.125,1678.875,0,894,0,7991
1,895,1078.8461538461538,1679.4615384615386,0,895,0,0
1,896,1356.125,1679.125,0,896,2450,0
1,897,1049.4545454545455,1680.3636363636363,0,897,0,0
1,898,1193.1,1680.6333333333334,0,898,2449,0
1,899,1279.6363636363637,1680.090909090909,0,899,0,0
1,900,1043.388888888889,1682.2777777777778,0,900,0,8026
1,901,1278.0,1682.6666666666667,0,901,0,0
1,902,1283.25,1682.75,0,902,0,0
1,903,1349.875,1682.125,0,903,2450,0
1,904,1355.0,1682.1818181818182,0,904,2450,0
1,905,542.5,1682.8,0,905,2467,0
1,906,1036.4516129032259,1680.967741935484,0,906,0,8025
1,907,1040.25,1683.375,0,907,0,8025
1,908,1068.642857142857,1684.0,0,908,0,8027
1,909,1073.45,1684.1,0,909,0,8038
1,910,1264.7272727272727,1684.2727272727273,0,910,0,0
1,911,551.25,1684.5,0,911,2488,0
1,912,1037.2857142857142,1685.5,0,912,0,8025
1,913,1083.0,1685.5,0,913,0,8044
1,914,302.38461538461536,1685.6153846153845,0,914,2512,0
1,915,548.1,1685.8,0,915,2488,0
1,916,553.8,1685.7,0,916,2488,0
1,917,1211.5833333333333,1687.25,0,917,2449,0
1,918,538.125,1687.875,0,918,2467,0
1,919,674.125,1688.125,0,919,2351,0
1,920,1069.7333333333333,1688.2333333333333,0,920,0,8075
1,921,1411.0,1689.5,0,921,0,0
1,922,540.0,1692.0,0,922,2467,0
1,923,692.875,1691.875,0,923,2519,0
1,924,588.1111111111111,1692.3333333333333,0,924,2474,0
1,925,1009.1,1694.2,0,925,2536,8112
1,926,1084.0,1693.3333333333333,0,926,0,8097
1,927,1014.475,1694.725,0,927,2536,0
1,928,1192.8,1695.0,0,928,2554,0
1,929,1409.2272727272727,1694.2272727272727,0,929,2526,0
1,930,535.125,1695.875,0,930,2500,0
1,931,538.2,1696.0,0,931,2500,0
1,932,1007.6,1697.6,0,932,2536,0
1,933,1080.5555555555557,1696.7777777777778,0,933,0,8128
1,934,1390.0454545454545,1696.8636363636363,0,934,2537,0
1,935,556.9333333333333,1697.6,0,935,2505,0
1,936,1408.5,1697.8,0,936,2526,0
1,937,918.125,1699.875,0,937,2507,0
1,938,1087.625,1699.6666666666667,0,938,0,8155
1,939,1081.6666666666667,1701.2222222222222,0,939,0,8195
1,940,604.125,1702.125,0,940,2539,0
1,941,1361.5,1703.8,0,941,2565,0
1,942,1029.875,1706.125,0,942,2540,8210
1,943,994.3571428571429,1708.357142857143,0,943,0,0
1,944,1082.1538461538462,1707.3846153846155,0,944,0,8229
1,945,1377.3636363636363,1708.5454545454545,0,945,2537,0
1,946,579.2,1709.0,0,946,2585,0
1,947,736.8181818181819,1709.8181818181818,0,947,2543,8267
1,948,1362.0,1708.9,0,948,2565,0
1,949,1678.111111111111,1709.3333333333333,0,949,2556,0
1,950,1266.7333333333333,1711.3333333333333,0,950,0,0
1,951,1414.909090909091,1710.5,0,951,2526,0
1,952,562.5,1712.0,0,952,2580,0
1,953,609.6666666666666,1711.888888888889,0,953,2539,8260
1,954,914.3333333333334,1712.888888888889,0,954,2507,0
1,955,573.75,1714.6666666666667,0,955,2580,0
1,956,909.125,1714.875,0,956,2507,0
1,957,1485.2,1715.7,0,957,2593,8273
1,958,602.3846153846154,1717.3846153846155,0,958,2585,0
1,959,605.875,1717.125,0,959,2585,8308
1,960,798.0,1717.0,0,960,2527,0
1,961,903.5,1717.2,0,961,0,0
1,962,801.2,1718.4,0,962,2485,0
1,963,675.8,1719.0,0,963,2564,8298
1,964,679.3333333333334,1718.75,0,964,2564,8298
1,965,738.6666666666666,1719.111111111111,0,965,2543,0
1,966,1040.0,1719.0,0,966,2540,0
1,967,893.0,1720.0,0,967,2599,0
1,968,526.5,1721.2,0,968,2613,0
1,969,561.1764705882352,1722.764705882353,0,969,2580,0
1,970,320.93333333333334,1721.6666666666667,0,970,2575,0
1,971,582.1666666666666,1723.0833333333333,0,971,2585,0
1,972,1321.3636363636363,1723.090909090909,0,972,2574,8324
1,973,1015.875,1724.125,0,973,2591,0
1,974,1534.96,1723.44,0,974,2594,0
1,975,546.25,1726.4166666666667,0,975,2673,0
1,976,1210.6363636363637,1725.909090909091,0,976,2643,0
1,977,1336.3333333333333,1726.111111111111,0,977,2574,0
1,978,585.5925925925926,1727.5925925925926,0,978,2585,0
1,979,582.8260869565217,1729.8260869565217,0,979,2632,0
1,980,1345.9333333333334,1728.6,0,980,2604,0
1,981,559.5,1729.375,0,981,2580,0
1,982,1034.125,1730.875,0,982,2620,8387
1,983,942.2,1731.0,0,983,2602,0
1,984,1362.9166666666667,1730.6666666666667,0,984,2635,0
1,985,1538.125,1730.125,0,985,2594,0
1,986,579.0,1732.0,0,986,2632,8386
1,987,847.875,1732.125,0,987,2617,0
1,988,535.875,1732.875,0,988,2675,0
1,989,1036.6,1732.7,0,989,2625,8387
1,990,585.8461538461538,1733.4615384615386,0,990,2632,0
1,991,1197.1666666666667,1734.0833333333333,0,991,2674,0
1,992,1466.842105263158,1733.421052631579,0,992,0,0
1,993,701.3333333333334,1734.888888888889,0,993,2611,8394
1,994,440.9642857142857,1734.9285714285713,0,994,2678,8405
1,995,578.6875,1736.5625,0,995,2632,0
1,996,525.0,1738.0,0,996,2675,0
1,997,745.875,1738.125,0,997,2662,8428
1,998,810.375,1738.0416666666667,0,998,2622,0
1,999,1169.888888888889,1738.6666666666667,0,999,2626,0
1,1000,576.75,1739.3333333333333,0,1000,2667,0
1,1001,581.1818181818181,1739.909090909091,0,1001,2632,8450
1,1002,816.7142857142857,1740.2142857142858,0,1002,2622,0
1,1003,1419.0,1740.0,0,1003,2639,0
1,1004,1416.2,1740.5,0,1004,2639,0
1,1005,496.875,1741.875,0,1005,2631,8440
1,1006,916.1818181818181,1741.3636363636363,0,1006,2638,0
1,1007,1347.6666666666667,1743.6666666666667,0,1007,2689,0
1,1008,963.4545454545455,1745.1818181818182,0,1008,2642,0
1,1009,1421.1538461538462,1745.4615384615386,0,1009,2639,0
1,1010,385.0,1746.2,0,1010,2658,0
1,1011,419.125,1746.125,0,1011,2697,0
1,1012,1475.125,1746.125,0,1012,2665,0
1,1013,560.0833333333334,1747.6666666666667,0,1013,2701,0
1,1014,850.4,1748.6,0,1014,2679,0
1,1015,1415.909090909091,1748.6363636363637,0,1015,2639,0
1,1016,335.125,1750.125,0,1016,2714,0
1,1017,338.2,1750.0,0,1017,2714,0
1,1018,444.5,1749.5,0,1018,2678,0
1,1019,1439.4615384615386,1750.6153846153845,0,1019,2736,0
1,1020,345.77272727272725,1751.2272727272727,0,1020,2714,0
1,1021,790.8333333333334,1753.5833333333333,0,1021,2710,0
1,1022,853.9,1753.05,0,1022,0,0
1,1023,1337.0,1753.5,0,1023,2689,0
1,1024,1037.125,1754.125,0,1024,0,0
1,1025,1105.3846153846155,1754.6153846153845,0,1025,2683,0
1,1026,1439.6818181818182,1755.1818181818182,0,1026,2736,0
1,1027,575.1818181818181,1756.5454545454545,0,1027,2632,8527
1,1028,796.0,1756.5,0,1028,2718,0
1,1029,1498.5,1757.0,0,1029,2665,8517
1,1030,403.5,1757.5,0,1030,2697,0
1,1031,568.6363636363636,1759.1818181818182,0,1031,2725,8534
1,1032,326.3333333333333,1759.3333333333333,0,1032,2645,0
1,1033,453.625,1759.625,0,1033,2746,8532
1,1034,796.0,1760.2,0,1034,2718,0
1,1035,653.6,1762.92,0,1035,2723,0
1,1036,846.0,1760.8,0,1036,2679,0
1,1037,363.70588235294116,1762.2941176470588,0,1037,2776,0
1,1038,418.0,1764.0,0,1038,2697,0
1,1039,1059.5,1763.5,0,1039,0,0
1,1040,566.5,1765.0,0,1040,2725,8575
1,1041,1064.125,1765.875,0,1041,0,0
1,1042,781.5,1766.5,0,1042,2761,0
1,1043,1179.0,1767.0,0,1043,2707,0
1,1044,526.0714285714286,1767.7142857142858,0,1044,2778,0
1,1045,1195.0,1768.357142857143,0,1045,2774,0
1,1046,1207.25,1767.6666666666667,0,1046,2774,0
1,1047,786.75,1768.6666666666667,0,1047,2761,0
1,1048,327.45454545454544,1771.1818181818182,0,1048,2816,0
1,1049,1431.111111111111,1771.111111111111,0,1049,2736,0
1,1050,324.2,1774.9333333333334,0,1050,2816,0
1,1051,507.3,1775.7,0,1051,2757,8604
1,1052,465.38461538461536,1776.2307692307693,0,1052,2746,0
1,1053,1291.4117647058824,1776.8823529411766,0,1053,2743,0
1,1054,690.625,1779.25,0,1054,2760,8633
1,1055,307.42857142857144,1780.8095238095239,0,1055,2796,0
1,1056,1203.5714285714287,1781.4285714285713,0,1056,2774,0
1,1057,1303.090909090909,1781.1818181818182,0,1057,0,0
1,1058,1620.0,1780.625,0,1058,2751,0
1,1059,596.375,1781.4375,0,1059,2732,0
1,1060,805.5555555555555,1782.888888888889,0,1060,2718,0
1,1061,649.1111111111111,1783.6666666666667,0,1061,2771,0
1,1062,684.5,1784.125,0,1062,2866,8653
1,1063,1130.4444444444443,1785.3333333333333,0,1063,2810,0
1,1064,829.0,1786.0,0,1064,0,0
1,1065,1055.88,1785.72,0,1065,2785,0
1,1066,824.3846153846154,1786.423076923077,0,1066,0,0
1,1067,1338.875,1786.875,0,1067,2777,0
1,1068,561.625,1789.0,0,1068,2820,8679
1,1069,518.4615384615385,1790.3846153846155,0,1069,2778,8674
1,1070,1263.875,1790.125,0,1070,2779,0
1,1071,440.8181818181818,1791.1818181818182,0,1071,2798,0
1,1072,738.0,1791.2,0,1072,2845,8694
1,1073,1032.7272727272727,1791.5,0,1073,2893,0
1,1074,1338.0833333333333,1792.0833333333333,0,1074,2851,0
1,1075,1343.9032258064517,1793.1612903225807,0,1075,2851,0
1,1076,968.1111111111111,1794.388888888889,0,1076,2849,0
1,1077,1380.111111111111,1796.2222222222222,0,1077,2803,8722
1,1078,475.0,1803.0,0,1078,2835,0
1,1079,1217.3636363636363,1804.090909090909,0,1079,2821,0
1,1080,746.1,1802.4,0,1080,2863,0
1,1081,1212.9310344827586,1805.3793103448277,0,1081,0,0
1,1082,698.7,1805.3,0,1082,2904,0
1,1083,1201.2,1806.8,0,1083,2888,0
1,1084,1258.6363636363637,1807.090909090909,0,1084,0,0
1,1085,363.2,1807.5,0,1085,2860,0
1,1086,709.25,1810.25,0,1086,2904,8792
1,1087,1175.3636363636363,1812.090909090909,0,1087,2864,0
1,1088,702.2,1814.5,0,1088,2904,0
1,1089,580.0,1816.0,0,1089,2916,0
1,1090,1306.6,1815.5,0,1090,2850,0
1,1091,1038.8333333333333,1817.25,0,1091,2893,0
1,1092,714.5,1817.5,0,1092,2927,8823
1,1093,1021.0,1817.8,0,1093,2893,0
1,1094,1022.28,1820.72,0,1094,2893,0
1,1095,472.42857142857144,1822.9285714285713,0,1095,3009,0
1,1096,643.3571428571429,1823.142857142857,0,1096,2976,0
1,1097,451.0,1824.0,0,1097,2941,0
1,1098,1253.9,1824.2,0,1098,2923,0
1,1099,1717.111111111111,1824.6666666666667,0,1099,2930,8862
1,1100,471.09090909090907,1825.4545454545455,0,1100,3009,0
1,1101,1422.8,1826.5,0,1101,2971,0
1,1102,698.3636363636364,1829.090909090909,0,1102,2972,0
1,1103,694.2352941176471,1829.8823529411766,0,1103,2972,0
1,1104,597.1578947368421,1833.5263157894738,0,1104,2964,0
1,1105,700.4411764705883,1833.5588235294117,0,1105,2972,0
1,1106,710.5,1836.5,0,1106,2972,0
1,1107,594.6,1836.5,0,1107,2989,0
1,1108,705.8888888888889,1841.7777777777778,0,1108,2972,0
1,1109,708.875,1842.125,0,1109,2972,0
1,1110,1153.1,1844.7,0,1110,0,0
1,1111,710.0,1845.0,0,1111,2972,0
1,1112,1128.5,1844.8,0,1112,0,0
1,1113,588.0,1845.5,0,1113,3030,0
1,1114,698.0,1847.0,0,1114,2972,0
1,1115,1628.0833333333333,1848.5833333333333,0,1115,3027,0
1,1116,1692.0833333333333,1848.6666666666667,0,1116,3025,0
1,1117,640.9285714285714,1848.857142857143,0,1117,3002,9031
1,1118,1080.0,1850.5,0,1118,0,0
1,1119,1299.8333333333333,1852.0833333333333,0,1119,0,0
1,1120,1305.9285714285713,1851.5714285714287,0,1120,3020,0
1,1121,922.0,1858.55,0,1121,0,0
1,1122,647.0,1860.5,0,1122,3090,0
1,1123,1258.2413793103449,1860.7241379310344,0,1123,3014,0
1,1124,713.25,1862.4166666666667,0,1124,3115,9082
1,1125,1101.909090909091,1864.3636363636363,0,1125,0,0
1,1126,749.875,1868.375,0,1126,3047,9126
1,1127,687.75,1872.75,0,1127,3115,0
1,1128,741.3636363636364,1873.5454545454545,0,1128,3047,9140
1,1129,908.4166666666666,1873.8333333333333,0,1129,0,0
1,1130,1278.0,1874.2,0,1130,3079,0
1,1131,749.0,1874.5,0,1131,3047,0
1,1132,889.5384615384615,1875.076923076923,0,1132,0,0
1,1133,662.5,1876.5,0,1133,3090,0
1,1134,687.0,1877.0,0,1134,3115,0
1,1135,753.875,1876.875,0,1135,3066,0
1,1136,495.38461538461536,1878.3846153846155,0,1136,3120,9166
1,1137,890.0,1878.0,0,1137,0,0
1,1138,1015.125,1877.875,0,1138,3092,0
1,1139,1267.3333333333333,1878.5833333333333,0,1139,0,0
1,1140,525.125,1879.875,0,1140,3076,9184
1,1141,568.3,1881.8,0,1141,3056,0
1,1142,1091.875,1882.125,0,1142,3205,0
1,1143,563.7647058823529,1884.3529411764705,0,1143,3100,0
1,1144,1621.090909090909,1883.6363636363637,0,1144,3105,0
1,1145,897.1538461538462,1884.4615384615386,0,1145,3111,0
1,1146,804.3333333333334,1885.3333333333333,0,1146,3125,0
1,1147,736.875,1889.875,0,1147,3124,0
1,1148,756.625,1889.75,0,1148,3124,0
1,1149,513.2727272727273,1890.909090909091,0,1149,3164,0
1,1150,708.6666666666666,1892.0,0,1150,3130,0
1,1151,576.875,1891.875,0,1151,3110,0
1,1152,641.5,1893.2,0,1152,3114,9297
1,1153,764.5,1893.8125,0,1153,3125,0
1,1154,884.6842105263158,1893.421052631579,0,1154,0,0
1,1155,554.3333333333334,1895.111111111111,0,1155,3138,0
1,1156,641.2,1895.9,0,1156,3114,9297
1,1157,773.4166666666666,1895.9166666666667,0,1157,3125,9276
1,1158,706.5217391304348,1896.2173913043478,0,1158,3174,9275
1,1159,1144.125,1897.125,0,1159,0,0
1,1160,772.4444444444445,1898.111111111111,0,1160,3125,9276
1,1161,886.875,1897.5,0,1161,0,0
1,1162,1632.1052631578948,1898.842105263158,0,1162,3158,0
1,1163,1153.888888888889,1898.3333333333333,0,1163,0,0
1,1164,758.0,1899.0,0,1164,3154,9311
1,1165,827.1428571428571,1900.5714285714287,0,1165,3239,9312
1,1166,1631.909090909091,1902.6363636363637,0,1166,3158,9342
1,1167,825.3636363636364,1904.2727272727273,0,1167,3239,0
1,1168,1307.125,1903.875,0,1168,0,0
1,1169,1109.8,1905.9,0,1169,3197,0
1,1170,1153.3636363636363,1906.0,0,1170,0,0
1,1171,556.0,1907.5,0,1171,3138,0
1,1172,569.1666666666666,1906.9166666666667,0,1172,3187,0
1,1173,1104.0,1907.2,0,1173,3197,0
1,1174,1942.0,1906.5,0,1174,3171,0
1,1175,1064.909090909091,1909.3636363636363,0,1175,0,0
1,1176,406.2,1910.0,0,1176,3234,0
1,1177,410.1111111111111,1909.6666666666667,0,1177,3234,0
1,1178,983.125,1909.125,0,1178,3235,0
1,1179,1338.5,1910.0,0,1179,3141,0
1,1180,1474.125,1910.875,0,1180,3203,0
1,1181,1768.0,1910.6666666666667,0,1181,3222,0
1,1182,548.5,1911.5,0,1182,3138,0
1,1183,1137.0,1911.8823529411766,0,1183,3211,0
1,1184,1134.25,1914.1666666666667,0,1184,3211,0
1,1185,1143.9,1914.2,0,1185,3273,0
1,1186,1340.3846153846155,1914.3846153846155,0,1186,3229,0
1,1187,556.2,1915.5,0,1187,3215,0
1,1188,1161.3333333333333,1916.111111111111,0,1188,3247,0
1,1189,846.875,1917.25,0,1189,3239,0
1,1190,473.625,1917.1875,0,1190,3242,9423
1,1191,461.625,1919.75,0,1191,3237,0
1,1192,550.1,1920.8,0,1192,3215,0
1,1193,561.0,1921.3846153846155,0,1193,3215,0
1,1194,1127.45,1921.95,0,1194,3273,0
1,1195,1363.0,1920.5,0,1195,3229,0
1,1196,474.09090909090907,1922.6363636363637,0,1196,3242,0
1,1197,465.73333333333335,1922.8,0,1197,3237,0
1,1198,816.9,1923.2,0,1198,3287,0
1,1199,851.4,1923.4,0,1199,3239,0
1,1200,1156.6363636363637,1923.5454545454545,0,1200,3247,0
1,1201,1131.0,1925.0,0,1201,3273,9496
1,1202,1639.5,1924.5,0,1202,3266,0
1,1203,455.125,1925.875,0,1203,3237,0
1,1204,864.4285714285714,1925.7857142857142,0,1204,3310,0
1,1205,701.625,1927.25,0,1205,3250,9508
1,1206,705.0,1926.357142857143,0,1206,3250,9508
1,1207,395.125,1928.875,0,1207,0,0
1,1208,707.875,1928.125,0,1208,3243,9508
1,1209,848.5,1927.5,0,1209,3279,0
1,1210,871.5,1927.5,0,1210,3288,0
1,1211,1127.2702702702702,1927.6486486486488,0,1211,3273,9496
1,1212,1352.125,1927.875,0,1212,3229,0
1,1213,589.0952380952381,1929.5238095238096,0,1213,3216,0
1,1214,1660.0,1929.0,0,1214,3230,0
1,1215,854.875,1930.125,0,1215,3310,0
1,1216,1098.0,1930.0,0,1216,3240,0
1,1217,1106.0625,1928.8125,0,1217,3240,9512
1,1218,822.5,1930.7142857142858,0,1218,3239,9523
1,1219,1185.6153846153845,1930.6153846153845,0,1219,3241,0
1,1220,1652.5,1931.2857142857142,0,1220,3230,0
1,1221,471.1666666666667,1932.0833333333333,0,1221,3242,0
1,1222,1132.3636363636363,1932.4545454545455,0,1222,3273,0
1,1223,1190.0,1933.0,0,1223,0,0
1,1224,1457.5,1933.0,0,1224,3256,0
1,1225,581.0769230769231,1933.6923076923076,0,1225,3299,0
1,1226,1135.3,1933.8,0,1226,3273,0
1,1227,477.0833333333333,1935.0833333333333,0,1227,3242,0
1,1228,710.3636363636364,1936.090909090909,0,1228,3286,0
1,1229,1109.3636363636363,1936.090909090909,0,1229,3280,9537
1,1230,1133.0833333333333,1935.6666666666667,0,1230,3273,0
1,1231,577.25,1939.375,0,1231,3299,0
1,1232,580.9230769230769,1938.1538461538462,0,1232,3299,0
1,1233,751.5,1939.0,0,1233,3246,9558
1,1234,1720.111111111111,1938.3333333333333,0,1234,3345,0
1,1235,755.4,1940.4,0,1235,3246,0
1,1236,1258.375,1940.625,0,1236,3283,0
1,1237,1268.8125,1940.1875,0,1237,3283,0
1,1238,1574.5714285714287,1940.642857142857,0,1238,3260,0
1,1239,564.3571428571429,1941.142857142857,0,1239,3299,0
1,1240,671.875,1941.875,0,1240,3294,0
1,1241,1367.857142857143,1942.0714285714287,0,1241,3316,0
1,1242,843.3529411764706,1943.7058823529412,0,1242,3279,0
1,1243,1360.8333333333333,1945.0,0,1243,3316,0
1,1244,1124.2,1947.3333333333333,0,1244,3308,0
1,1245,532.5,1948.0,0,1245,3318,0
1,1246,1633.6363636363637,1949.090909090909,0,1246,3307,0
1,1247,475.0,1949.5,0,1247,3331,0
1,1248,943.125,1949.875,0,1248,3340,0
1,1249,945.875,1950.125,0,1249,3340,0
1,1250,1373.0,1951.0,0,1250,3301,0
1,1251,1183.5,1952.7142857142858,0,1251,0,0
1,1252,478.4,1952.4,0,1252,3331,0
1,1253,562.6428571428571,1953.7142857142858,0,1253,3299,0
1,1254,1180.125,1952.875,0,1254,0,0
1,1255,588.3333333333334,1954.6666666666667,0,1255,3348,0
1,1256,1076.0,1956.0,0,1256,3387,0
1,1257,1099.111111111111,1955.4444444444443,0,1257,3332,0
1,1258,1252.6666666666667,1956.111111111111,0,1258,0,0
1,1259,1297.5294117647059,1956.8823529411766,0,1259,3325,0
1,1260,1352.1818181818182,1955.5454545454545,0,1260,3381,0
1,1261,1627.0,1956.0,0,1261,3344,0
1,1262,697.6666666666666,1957.111111111111,0,1262,3349,0
1,1263,717.6,1956.8,0,1263,3286,0
1,1264,1657.125,1957.875,0,1264,3389,9629
1,1265,1659.875,1957.875,0,1265,3389,9629
1,1266,1295.625,1959.25,0,1266,3325,0
1,1267,1674.0,1959.0,0,1267,3363,0
1,1268,680.5,1960.75,0,1268,3294,0
1,1269,1297.8,1962.1,0,1269,3325,0
1,1270,1628.6666666666667,1961.888888888889,0,1270,3344,0
1,1271,1658.6666666666667,1961.6666666666667,0,1271,3389,9629
1,1272,596.3333333333334,1962.9166666666667,0,1272,3393,0
1,1273,663.125,1962.875,0,1273,3367,9643
1,1274,1332.125,1963.125,0,1274,3381,0
1,1275,835.9090909090909,1964.3636363636363,0,1275,3362,0
1,1276,1108.888888888889,1965.6666666666667,0,1276,3431,0
1,1277,664.3333333333334,1965.888888888889,0,1277,3367,9644
1,1278,672.0,1966.5,0,1278,3294,9651
1,1279,1691.5,1967.0,0,1279,3411,9640
1,1280,609.5,1967.5,0,1280,3393,0
1,1281,1296.5,1966.5,0,1281,3325,0
1,1282,1332.7368421052631,1966.6315789473683,0,1282,3381,0
1,1283,1585.9166666666667,1967.3333333333333,0,1283,3395,0
1,1284,660.6666666666666,1967.888888888889,0,1284,3367,0
1,1285,678.0,1967.5,0,1285,3349,9658
1,1286,896.875,1967.875,0,1286,3376,0
1,1287,1316.2666666666667,1968.4,0,1287,3313,0
1,1288,1329.25,1967.5,0,1288,3381,0
1,1289,1729.3333333333333,1967.5,0,1289,3412,0
1,1290,685.4166666666666,1969.1666666666667,0,1290,3349,9670
1,1291,832.3846153846154,1969.5384615384614,0,1291,3362,0
1,1292,1107.2857142857142,1969.6190476190477,0,1292,3431,9668
1,1293,1378.5,1970.0,0,1293,3398,0
1,1294,1389.5,1969.5,0,1294,3378,9666
1,1295,447.4,1970.4,0,1295,3455,9662
1,1296,668.4166666666666,1970.9166666666667,0,1296,3294,0
1,1297,1694.1176470588234,1972.5294117647059,0,1297,3411,0
1,1298,1212.111111111111,1974.3333333333333,0,1298,3427,0
1,1299,1317.125,1974.125,0,1299,3313,0
1,1300,1103.5882352941176,1976.1764705882354,0,1300,3431,9708
1,1301,1567.7142857142858,1975.9285714285713,0,1301,3359,9695
1,1302,461.3636363636364,1976.090909090909,0,1302,3449,0
1,1303,705.875,1976.125,0,1303,3349,9698
1,1304,455.5,1977.0,0,1304,3449,0
1,1305,869.3636363636364,1976.6363636363637,0,1305,3379,0
1,1306,1017.1111111111111,1978.6666666666667,0,1306,3445,0
1,1307,1291.08,1979.0,0,1307,3482,0
1,1308,566.6363636363636,1979.4545454545455,0,1308,3433,0
1,1309,673.0,1980.2,0,1309,3474,9725
1,1310,1172.6666666666667,1979.5833333333333,0,1310,3394,0
1,1311,1296.421052631579,1980.6315789473683,0,1311,3482,0
1,1312,1697.875,1981.125,0,1312,3411,0
1,1313,1340.875,1982.125,0,1313,3381,0
1,1314,743.2,1982.5,0,1314,3459,9736
1,1315,1171.125,1984.875,0,1315,3452,0
1,1316,483.5,1985.0,0,1316,3449,0
1,1317,1353.3636363636363,1987.5454545454545,0,1317,3478,0
1,1318,639.5,1988.7,0,1318,3494,0
1,1319,1123.2,1987.7,0,1319,3431,0
1,1320,1698.875,1989.125,0,1320,3501,0
1,1321,1031.1,1991.2,0,1321,3471,0
1,1322,1068.0,1993.8,0,1322,3498,9817
1,1323,1178.125,1993.875,0,1323,3452,0
1,1324,1198.8,1994.9,0,1324,3476,0
1,1325,1468.6153846153845,1996.3846153846155,0,1325,3514,0
1,1326,1126.6666666666667,1996.5,0,1326,3509,9840
1,1327,1363.2857142857142,1996.3333333333333,0,1327,3398,0
1,1328,1435.4666666666667,2001.5333333333333,0,1328,3446,0
1,1329,608.6666666666666,2002.111111111111,0,1329,3559,0
1,1330,1503.75,2001.5833333333333,0,1330,3489,9909
1,1331,1173.142857142857,2003.9285714285713,0,1331,3524,0
1,1332,924.6875,2005.1875,0,1332,3480,0
1,1333,1197.5,2005.125,0,1333,3476,0
1,1334,615.3846153846154,2006.6153846153845,0,1334,3559,0
1,1335,756.5833333333334,2006.75,0,1335,3568,0
1,1336,929.8,2007.1,0,1336,3480,0
1,1337,1255.9,2007.3,0,1337,3551,0
1,1338,1435.125,2006.875,0,1338,3532,9927
1,1339,1194.2,2007.5,0,1339,3549,0
1,1340,1095.5,2008.5,0,1340,3538,0
1,1341,1188.3,2008.8,0,1341,3524,0
1,1342,758.3846153846154,2010.6153846153845,0,1342,3568,9926
1,1343,796.125,2010.125,0,1343,3564,9960
1,1344,1101.25,2010.125,0,1344,3538,0
1,1345,611.125,2011.125,0,1345,3559,0
1,1346,1116.875,2010.875,0,1346,3555,0
1,1347,1113.7894736842106,2012.0526315789473,0,1347,3555,0
1,1348,1672.6666666666667,2013.111111111111,0,1348,3539,0
1,1349,930.2222222222222,2015.0,0,1349,3594,0
1,1350,958.8125,2014.5,0,1350,3614,9974
1,1351,748.6666666666666,2015.111111111111,0,1351,3531,0
1,1352,1159.111111111111,2014.4444444444443,0,1352,3600,0
1,1353,1394.875,2015.125,0,1353,3619,0
1,1354,1672.125,2015.25,0,1354,3539,0
1,1355,1435.3076923076924,2015.3076923076924,0,1355,3532,9976
1,1356,926.7857142857143,2016.7142857142858,0,1356,3594,0
1,1357,947.9411764705883,2017.235294117647,0,1357,3678,9996
1,1358,1147.7692307692307,2016.8461538461538,0,1358,3608,0
1,1359,1292.625,2016.75,0,1359,3577,0
1,1360,1625.0,2017.0,0,1360,3533,0
1,1361,866.1111111111111,2017.6666666666667,0,1361,3580,9982
1,1362,1027.625,2018.0,0,1362,3523,0
1,1363,1535.4166666666667,2018.0833333333333,0,1363,3463,10035
1,1364,488.5,2019.0,0,1364,3617,0
1,1365,769.3529411764706,2020.0,0,1365,3629,0
1,1366,956.9333333333333,2019.3333333333333,0,1366,3614,10008
1,1367,500.125,2020.875,0,1367,0,0
1,1368,755.0,2021.5,0,1368,3568,0
1,1369,867.4,2020.7,0,1369,3580,10014
1,1370,1231.0,2021.3684210526317,0,1370,3543,0
1,1371,1298.5294117647059,2021.1176470588234,0,1371,3609,0
1,1372,764.1538461538462,2023.6153846153845,0,1372,3568,10027
1,1373,1000.9090909090909,2022.3636363636363,0,1373,3581,0
1,1374,441.85714285714283,2024.5,0,1374,3572,0
1,1375,981.8,2023.8,0,1375,3618,0
1,1376,986.1818181818181,2024.2727272727273,0,1376,3618,0
1,1377,1422.8181818181818,2024.4545454545455,0,1377,3550,0
1,1378,960.5,2024.5,0,1378,3614,0
1,1379,997.5,2024.875,0,1379,3636,0
1,1380,968.074074074074,2026.0740740740741,0,1380,3614,0
1,1381,972.6,2026.28,0,1381,3614,0
1,1382,952.875,2027.125,0,1382,3614,10062
1,1383,957.1764705882352,2026.764705882353,0,1383,3614,10072
1,1384,976.1666666666666,2027.6666666666667,0,1384,3614,0
1,1385,788.7857142857143,2029.0714285714287,0,1385,3573,10081
1,1386,973.125,2029.875,0,1386,3614,0
1,1387,440.6666666666667,2030.75,0,1387,3627,0
1,1388,982.3333333333334,2030.888888888889,0,1388,3618,0
1,1389,970.8888888888889,2033.0,0,1389,3614,0
1,1390,976.5263157894736,2032.0,0,1390,3614,0
1,1391,1064.357142857143,2032.4285714285713,0,1391,3582,0
1,1392,1114.8,2032.8666666666666,0,1392,3607,0
1,1393,1011.0588235294117,2034.5882352941176,0,1393,3581,0
1,1394,1158.1176470588234,2035.0,0,1394,3600,0
1,1395,975.64,2035.8,0,1395,3614,0
1,1396,1068.75,2035.375,0,1396,3658,0
1,1397,1242.1666666666667,2036.0833333333333,0,1397,3670,0
1,1398,962.0625,2036.6875,0,1398,3678,10088
1,1399,979.3571428571429,2038.642857142857,0,1399,3618,0
1,1400,1008.6666666666666,2037.888888888889,0,1400,3636,0
1,1401,1017.6153846153846,2039.6153846153845,0,1401,3581,0
1,1402,679.5,2039.0,0,1402,3633,0
1,1403,705.75,2040.75,0,1403,3613,0
1,1404,710.5,2041.388888888889,0,1404,3613,0
1,1405,1094.7,2041.3,0,1405,3586,0
1,1406,1155.3125,2041.1875,0,1406,3600,0
1,1407,1599.5185185185185,2041.7037037037037,0,1407,3665,0
1,1408,508.375,2043.25,0,1408,3628,0
1,1409,1037.5,2043.5,0,1409,3643,0
1,1410,716.4444444444445,2044.111111111111,0,1410,3613,0
1,1411,1164.0,2045.0,0,1411,3692,0
1,1412,1627.0,2045.3529411764705,0,1412,3638,10163
1,1413,1052.0,2045.5,0,1413,3643,0
1,1414,1133.0,2047.0,0,1414,3662,0
1,1415,1391.125,2046.875,0,1415,3671,10170
1,1416,465.2,2048.0,0,1416,3648,0
1,1417,656.625,2048.75,0,1417,3673,0
1,1418,1037.8666666666666,2049.6,0,1418,3643,0
1,1419,1110.888888888889,2050.3333333333335,0,1419,3607,0
1,1420,1041.2666666666667,2050.8,0,1420,3643,0
1,1421,952.6153846153846,2051.6153846153848,0,1421,3678,0
1,1422,875.3636363636364,2053.090909090909,0,1422,3681,10205
1,1423,1118.6153846153845,2052.6153846153848,0,1423,3755,0
1,1424,1658.111111111111,2053.222222222222,0,1424,3675,0
1,1425,1613.8333333333333,2054.1666666666665,0,1425,3694,0
1,1426,1281.3333333333333,2054.8888888888887,0,1426,3708,10215
1,1427,1330.6153846153845,2054.6153846153848,0,1427,3705,0
1,1428,611.6666666666666,2056.5555555555557,0,1428,3717,0
1,1429,935.875,2057.875,0,1429,3722,0
1,1430,958.6666666666666,2056.8,0,1430,3678,0
1,1431,965.2857142857143,2057.190476190476,0,1431,3680,0
1,1432,657.1818181818181,2057.818181818182,0,1432,3761,0
1,1433,865.7,2058.7,0,1433,3731,10232
1,1434,1309.75,2058.625,0,1434,3705,0
1,1435,1339.0,2058.75,0,1435,3700,0
1,1436,967.5555555555555,2060.277777777778,0,1436,3699,0
1,1437,2064.6666666666665,2060.1111111111113,0,1437,3707,0
1,1438,1108.7692307692307,2060.4615384615386,0,1438,3755,0
1,1439,1265.5,2061.0,0,1439,3789,0
1,1440,1030.25,2063.9166666666665,0,1440,3643,0
1,1441,1340.608695652174,2063.5652173913045,0,1441,3700,0
1,1442,655.4,2064.6,0,1442,3761,0
1,1443,1174.0,2065.0,0,1443,3747,0
1,1444,651.0,2069.375,0,1444,3761,10284
1,1445,699.5,2069.5,0,1445,3762,0
1,1446,992.125,2070.875,0,1446,3792,0
1,1447,605.0,2071.0,0,1447,3717,0
1,1448,844.6666666666666,2071.0,0,1448,3781,10298
1,1449,1154.125,2071.125,0,1449,3747,0
1,1450,833.125,2073.125,0,1450,3776,10307
1,1451,844.0,2073.0,0,1451,3781,0
1,1452,1015.8888888888889,2072.3333333333335,0,1452,3746,0
1,1453,1060.1363636363637,2073.8636363636365,0,1453,3813,0
1,1454,999.0,2073.8,0,1454,3792,0
1,1455,623.3846153846154,2075.5384615384614,0,1455,3750,0
1,1456,845.8888888888889,2075.1111111111113,0,1456,3781,0
1,1457,1168.4117647058824,2075.1176470588234,0,1457,3747,0
1,1458,1367.125,2075.875,0,1458,3764,0
1,1459,621.0909090909091,2077.3636363636365,0,1459,3750,0
1,1460,765.3333333333334,2077.1111111111113,0,1460,3786,0
1,1461,1009.7333333333333,2077.0666666666666,0,1461,3792,0
1,1462,1031.6923076923076,2077.0,0,1462,3802,0
1,1463,1056.5,2077.0,0,1463,3813,0
1,1464,1070.625,2077.25,0,1464,3803,0
1,1465,784.0,2077.9333333333334,0,1465,3786,0
1,1466,836.45,2078.25,0,1466,3781,0
1,1467,780.3636363636364,2078.909090909091,0,1467,3786,0
1,1468,610.0909090909091,2080.6363636363635,0,1468,3750,0
1,1469,649.8823529411765,2079.5882352941176,0,1469,3761,0
1,1470,832.875,2080.125,0,1470,3781,0
1,1471,631.3571428571429,2080.285714285714,0,1471,3750,0
1,1472,1209.3333333333333,2081.8888888888887,0,1472,3843,0
1,1473,1058.3333333333333,2082.0833333333335,0,1473,3813,0
1,1474,1375.1904761904761,2081.714285714286,0,1474,3764,0
1,1475,1030.32,2082.92,0,1475,3802,0
1,1476,626.5,2084.2,0,1476,3841,0
1,1477,1215.5,2085.0,0,1477,3843,0
1,1478,1032.0,2087.625,0,1478,3848,10403
1,1479,1372.2307692307693,2088.3846153846152,0,1479,3764,0
1,1480,1608.6666666666667,2090.1111111111113,0,1480,3795,0
1,1481,1372.0,2094.5,0,1481,3916,0
1,1482,716.8333333333334,2095.4166666666665,0,1482,3830,10438
1,1483,1609.3846153846155,2097.3846153846152,0,1483,3861,0
1,1484,609.0,2099.2,0,1484,3840,0
1,1485,676.4615384615385,2099.846153846154,0,1485,3869,0
1,1486,693.6,2101.3,0,1486,3899,0
1,1487,1001.2222222222222,2100.4444444444443,0,1487,3873,10458
1,1488,1634.2857142857142,2101.5,0,1488,3878,0
1,1489,807.2,2102.0,0,1489,3855,0
1,1490,617.0909090909091,2103.3636363636365,0,1490,3847,0
1,1491,1219.0,2103.0,0,1491,3843,0
1,1492,614.1111111111111,2103.3333333333335,0,1492,3847,0
1,1493,1335.888888888889,2105.6666666666665,0,1493,3904,0
1,1494,634.125,2107.125,0,1494,3847,0
1,1495,699.5,2108.0,0,1495,3899,0
1,1496,672.2222222222222,2108.3333333333335,0,1496,3869,0
1,1497,1098.3636363636363,2109.4545454545455,0,1497,3833,0
1,1498,897.125,2110.125,0,1498,3850,0
1,1499,662.5294117647059,2111.4117647058824,0,1499,3869,10505
1,1500,1047.076923076923,2110.076923076923,0,1500,3946,0
1,1501,811.925925925926,2111.5925925925926,0,1501,3881,10508
1,1502,1040.8125,2112.1875,0,1502,3946,0
1,1503,705.95,2113.45,0,1503,3882,0
1,1504,1623.5882352941176,2114.8823529411766,0,1504,3878,0
1,1505,1367.875,2115.125,0,1505,3916,0
1,1506,1020.3333333333334,2116.25,0,1506,3875,0
1,1507,905.5,2117.0,0,1507,3932,0
1,1508,674.3333333333334,2118.1111111111113,0,1508,3924,0
1,1509,1158.25,2117.6666666666665,0,1509,3903,0
1,1510,729.25,2119.4,0,1510,3882,0
1,1511,1046.3125,2119.4375,0,1511,3946,0
1,1512,1063.888888888889,2120.3333333333335,0,1512,3889,0
1,1513,677.421052631579,2119.842105263158,0,1513,3944,0
1,1514,947.5,2122.0,0,1514,3915,0
1,1515,1209.5833333333333,2122.25,0,1515,3950,0
1,1516,1053.2380952380952,2124.5714285714284,0,1516,3969,10582
1,1517,1621.4545454545455,2124.3636363636365,0,1517,3999,0
1,1518,749.6666666666666,2126.1111111111113,0,1518,3935,10573
1,1519,1049.3636363636363,2125.5454545454545,0,1519,3969,0
1,1520,915.875,2128.875,0,1520,3932,0
1,1521,969.1,2131.2,0,1521,3957,0
1,1522,1082.0,2132.5,0,1522,3933,0
1,1523,1364.9,2138.6,0,1523,4019,0
1,1524,1085.0,2141.2,0,1524,3977,0
1,1525,1604.4285714285713,2141.4285714285716,0,1525,3999,0
1,1526,1052.125,2142.875,0,1526,4056,0
1,1527,1083.111111111111,2145.6666666666665,0,1527,4029,10715
1,1528,968.7272727272727,2146.090909090909,0,1528,4004,0
1,1529,1091.25,2148.25,0,1529,4005,0
1,1530,1107.5,2147.0,0,1530,4005,0
1,1531,1629.157894736842,2147.315789473684,0,1531,3999,10735
1,1532,947.5238095238095,2150.0476190476193,0,1532,3980,0
1,1533,1063.4,2151.4,0,1533,4056,10731
1,1534,932.1,2153.4,0,1534,3980,10800
1,1535,1136.0,2156.5,0,1535,4071,0
1,1536,1320.8823529411766,2158.5882352941176,0,1536,4058,10803
1,1537,1336.5,2158.0,0,1537,4058,0
1,1538,1011.3636363636364,2160.4545454545455,0,1538,4050,0
1,1539,1101.5,2162.0,0,1539,4030,0
1,1540,1315.4,2162.6,0,1540,4046,0
1,1541,1325.3333333333333,2163.4444444444443,0,1541,4058,0
1,1542,1400.125,2162.875,0,1542,4092,0
1,1543,1290.3636363636363,2164.909090909091,0,1543,4069,0
1,1544,1393.0,2167.0,0,1544,4092,0
1,1545,1310.6666666666667,2168.8333333333335,0,1545,4069,0
1,1546,1316.450980392157,2169.176470588235,0,1546,4084,0
1,1547,1418.5,2169.0,0,1547,4098,0
1,1548,777.125,2169.875,0,1548,4060,0
1,1549,1104.08,2170.44,0,1549,4071,0
1,1550,1304.0,2170.5,0,1550,4069,0
1,1551,1241.0,2171.5,0,1551,4037,10870
1,1552,1311.4,2172.3,0,1552,4069,0
1,1553,1332.125,2172.875,0,1553,4103,0
1,1554,1308.6842105263158,2174.7368421052633,0,1554,4069,0
1,1555,1313.2857142857142,2175.3571428571427,0,1555,4084,0
1,1556,1082.875,2177.125,0,1556,4127,0
1,1557,1303.121951219512,2176.439024390244,0,1557,4069,0
1,1558,1308.2142857142858,2178.9285714285716,0,1558,4084,0
1,1559,1084.0,2180.090909090909,0,1559,4127,0
1,1560,1397.4444444444443,2179.8888888888887,0,1560,4092,10921
1,1561,1159.3846153846155,2182.3846153846152,0,1561,4129,0
1,1562,1275.642857142857,2183.785714285714,0,1562,4135,0
1,1563,1303.3636363636363,2182.909090909091,0,1563,4069,0
1,1564,1311.8333333333333,2182.5833333333335,0,1564,4084,0
1,1565,1104.2,2184.0,0,1565,4127,0
1,1566,1002.125,2185.125,0,1566,4112,0
1,1567,1083.695652173913,2184.2608695652175,0,1567,4127,0
1,1568,1089.7333333333333,2184.0,0,1568,4127,0
1,1569,1097.5454545454545,2184.818181818182,0,1569,4127,0
1,1570,1110.6666666666667,2185.8888888888887,0,1570,4155,0
1,1571,1106.2142857142858,2187.0,0,1571,4127,0
1,1572,760.0833333333334,2188.3333333333335,0,1572,4134,0
1,1573,1093.6666666666667,2190.222222222222,0,1573,4127,0
1,1574,1654.7,2189.1,0,1574,4154,10972
1,1575,1090.0,2191.8,0,1575,4127,0
1,1576,1097.5,2192.5,0,1576,4127,0
1,1577,1089.5454545454545,2195.0,0,1577,4127,0
1,1578,1087.5333333333333,2197.4666666666667,0,1578,4127,0
1,1579,1098.3846153846155,2196.6153846153848,0,1579,4127,0
1,1580,1656.4285714285713,2197.714285714286,0,1580,0,11018
1,1581,637.7272727272727,2202.590909090909,0,1581,4188,0
1,1582,1350.090909090909,2203.3636363636365,0,1582,4182,0
1,1583,1353.5,2203.5,0,1583,4182,11049
1,1584,659.125,2204.125,0,1584,4158,0
1,1585,613.5,2208.0,0,1585,4188,0
1,1586,637.8461538461538,2207.5384615384614,0,1586,4215,0
1,1587,708.125,2208.875,0,1587,4192,0
1,1588,711.2,2209.0,0,1588,4167,0
1,1589,1084.0,2212.0,0,1589,4190,0
1,1590,1352.0,2213.0,0,1590,4182,11121
1,1591,792.2,2214.7,0,1591,4211,0
1,1592,1100.1818181818182,2216.2727272727275,0,1592,4196,0
1,1593,795.3333333333334,2216.8888888888887,0,1593,4211,0
1,1594,1116.32,2218.44,0,1594,4236,0
1,1595,1051.0,2222.0,0,1595,4244,0
1,1596,1138.6666666666667,2222.1111111111113,0,1596,4236,0
1,1597,778.0,2226.0,0,1597,4248,0
1,1598,1139.0,2225.5,0,1598,4236,0
1,1599,796.5,2227.5,0,1599,4211,11223
1,1600,776.3888888888889,2230.0555555555557,0,1600,4248,0
1,1601,1037.5454545454545,2233.3636363636365,0,1601,4289,0
1,1602,1231.5,2233.0,0,1602,4273,11242
1,1603,1304.909090909091,2236.6363636363635,0,1603,4280,0
1,1604,1334.875,2237.125,0,1604,4262,11266
1,1605,1067.0,2243.0,0,1605,4244,0
1,1606,1210.0,2243.5,0,1606,4273,0
1,1607,1559.6666666666667,2254.1111111111113,0,1607,4303,0
1,1608,1384.25,2254.375,0,1608,4278,0
1,1609,1115.2222222222222,2258.5,0,1609,4293,0
1,1610,1355.111111111111,2264.722222222222,0,1610,4297,0
1,1611,1409.8,2267.0,0,1611,4332,0
1,1612,1496.6923076923076,2273.0,0,1612,4329,0
1,1613,1455.5,2275.0,0,1613,4352,0
1,1614,1420.3846153846155,2279.6153846153848,0,1614,4376,0
1,1615,800.0,2281.0,0,1615,4365,0
1,1616,1208.3636363636363,2283.909090909091,0,1616,4384,0
1,1617,1218.0,2287.375,0,1617,4384,0
1,1618,1309.5217391304348,2289.0,0,1618,4405,11480
1,1619,1080.6666666666667,2308.8888888888887,0,1619,4417,0
1,1620,1231.75,2310.6666666666665,0,1620,4413,0
1,1621,1190.5,2311.8,0,1621,4434,0
1,1622,1407.125,2328.875,0,1622,4432,0
1,1623,1400.875,2330.875,0,1623,4450,0
1,1624,1397.8,2332.0,0,1624,4450,0
1,1625,1392.6666666666667,2389.5,0,1625,4559,0
1,1626,1422.0,2398.5,0,1626,4559,0
1,1627,1381.125,2414.875,0,1627,4601,0
1,1628,1110.5,2423.0,0,1628,4620,11608
1,1629,1367.2,2428.5,0,1629,4596,0
1,1630,1114.7692307692307,2432.230769230769,0,1630,4620,0
1,1631,2870.5,2832.5,0,1631,4692,11611
1,1632,2877.3333333333335,2832.0666666666666,0,1632,4692,11612
1,1633,2805.181818181818,2833.909090909091,0,1633,0,11613
1,1634,2808.818181818182,2833.818181818182,0,1634,0,11615
1,1635,2872.8125,2834.875,0,1635,4692,11614
1,1636,2832.375,2835.4375,0,1636,4693,11616
1,1637,2838.157894736842,2835.8947368421054,0,1637,4693,11617
1,1638,2841.153846153846,2834.3846153846152,0,1638,4693,11618
1,1639,2876.6153846153848,2835.0,0,1639,4692,11619
1,1640,2843.909090909091,2835.6363636363635,0,1640,4693,11620
1,1641,2805.0,2837.2,0,1641,0,0
1,1642,2808.6666666666665,2837.0833333333335,0,1642,0,11615
1,1643,2879.0,2837.0,0,1643,4692,11621
1,1644,2835.590909090909,2837.3636363636365,0,1644,4693,11624
1,1645,2841.0,2838.2,0,1645,4693,11622
1,1646,2832.1428571428573,2839.785714285714,0,1646,4693,11623
1,1647,2870.809523809524,2838.6190476190477,0,1647,4692,11625
1,1648,2875.8125,2838.625,0,1648,4692,11626
1,1649,2821.4285714285716,2844.6785714285716,0,1649,0,11628
1,1650,2834.15,2844.45,0,1650,0,11629
1,1651,2848.5333333333333,2844.3333333333335,0,1651,0,11630
1,1652,2863.0,2844.64,0,1652,0,11631
1,1653,2809.3333333333335,2844.5238095238096,0,1653,0,11627
1,1654,2815.0,2845.0,0,1654,0,11632
1,1655,2828.5,2845.0,0,1655,0,11634
1,1656,2838.5,2845.0,0,1656,0,11629
1,1657,2842.0,2845.0,0,1657,0,11635
1,1658,2845.0,2845.0,0,1658,0,11630
1,1659,2854.8214285714284,2845.035714285714,0,1659,0,11636
1,1660,2869.5,2845.0,0,1660,0,11637
1,1661,2875.1111111111113,2844.4444444444443,0,1661,0,11638
